Ticker,DateAdded,DateRemoved
A,1900-01-01,9999-12-31
AA,1900-01-01,9999-12-31
AAL,1900-01-01,9999-12-31
AAOI,1900-01-01,9999-12-31
AAON,1900-01-01,9999-12-31
AAPL,1900-01-01,9999-12-31
ABBV,1900-01-01,9999-12-31
ABNB,1900-01-01,9999-12-31
ABT,1900-01-01,9999-12-31
ACGL,1900-01-01,9999-12-31
ACI,1900-01-01,9999-12-31
ACM,1900-01-01,9999-12-31
ACN,1900-01-01,9999-12-31
ADBE,1900-01-01,9999-12-31
ADC,1900-01-01,9999-12-31
ADI,1900-01-01,9999-12-31
ADM,1900-01-01,9999-12-31
ADP,1900-01-01,9999-12-31
ADSK,1900-01-01,9999-12-31
ADT,1900-01-01,9999-12-31
AEE,1900-01-01,9999-12-31
AEIS,1900-01-01,9999-12-31
AEP,1900-01-01,9999-12-31
AES,1900-01-01,9999-12-31
AFG,1900-01-01,9999-12-31
AFL,1900-01-01,9999-12-31
AFRM,1900-01-01,9999-12-31
AGCO,1900-01-01,9999-12-31
AGNC,1900-01-01,9999-12-31
AGO,1900-01-01,9999-12-31
AHR,1900-01-01,9999-12-31
AIG,1900-01-01,9999-12-31
AIT,1900-01-01,9999-12-31
AIZ,1900-01-01,9999-12-31
AJG,1900-01-01,9999-12-31
AKAM,1900-01-01,9999-12-31
ALAB,1900-01-01,9999-12-31
ALB,1900-01-01,9999-12-31
ALGM,1900-01-01,9999-12-31
ALGN,1900-01-01,9999-12-31
ALK,1900-01-01,9999-12-31
ALL,1900-01-01,9999-12-31
ALLE,1900-01-01,9999-12-31
ALLY,1900-01-01,9999-12-31
ALM,1900-01-01,9999-12-31
ALNY,1900-01-01,9999-12-31
ALSN,1900-01-01,9999-12-31
ALXN,1900-01-01,9999-12-31
AM,1900-01-01,9999-12-31
AMAT,1900-01-01,9999-12-31
AMCR,1900-01-01,9999-12-31
AMD,1900-01-01,9999-12-31
AME,1900-01-01,9999-12-31
AMG,1900-01-01,9999-12-31
AMGN,1900-01-01,9999-12-31
AMH,1900-01-01,9999-12-31
AMKR,1900-01-01,9999-12-31
AMP,1900-01-01,9999-12-31
AMT,1900-01-01,9999-12-31
AMTM,1900-01-01,9999-12-31
AMZN,1900-01-01,9999-12-31
AN,1900-01-01,9999-12-31
ANET,1900-01-01,9999-12-31
AON,1900-01-01,9999-12-31
AOS,1900-01-01,9999-12-31
APA,1900-01-01,9999-12-31
APD,1900-01-01,9999-12-31
APG,1900-01-01,9999-12-31
APH,1900-01-01,9999-12-31
APLD,1900-01-01,9999-12-31
APO,1900-01-01,9999-12-31
APP,1900-01-01,9999-12-31
APPF,1900-01-01,9999-12-31
APTV,1900-01-01,9999-12-31
AR,1900-01-01,9999-12-31
ARE,1900-01-01,9999-12-31
ARES,1900-01-01,9999-12-31
ARMK,1900-01-01,9999-12-31
ARW,1900-01-01,9999-12-31
ARWR,1900-01-01,9999-12-31
AS,1900-01-01,9999-12-31
ASH,1900-01-01,9999-12-31
ASND,1900-01-01,9999-12-31
ASTS,1900-01-01,9999-12-31
ATI,1900-01-01,9999-12-31
ATO,1900-01-01,9999-12-31
ATR,1900-01-01,9999-12-31
ATVI,1900-01-01,9999-12-31
AU,1900-01-01,9999-12-31
AUGO,1900-01-01,9999-12-31
AUR,1900-01-01,9999-12-31
AVAV,1900-01-01,9999-12-31
AVB,1900-01-01,9999-12-31
AVGO,1900-01-01,9999-12-31
AVT,1900-01-01,9999-12-31
AVTR,1900-01-01,9999-12-31
AVY,1900-01-01,9999-12-31
AWI,1900-01-01,9999-12-31
AWK,1900-01-01,9999-12-31
AXON,1900-01-01,9999-12-31
AXP,1900-01-01,9999-12-31
AXS,1900-01-01,9999-12-31
AXSM,1900-01-01,9999-12-31
AXTA,1900-01-01,9999-12-31
AYI,1900-01-01,9999-12-31
AZO,1900-01-01,9999-12-31
BA,1900-01-01,9999-12-31
BAC,1900-01-01,9999-12-31
BAH,1900-01-01,9999-12-31
BALL,1900-01-01,9999-12-31
BAM,1900-01-01,9999-12-31
BAX,1900-01-01,9999-12-31
BBBY,1900-01-01,9999-12-31
BBIO,1900-01-01,9999-12-31
BBWI,1900-01-01,9999-12-31
BBY,1900-01-01,9999-12-31
BC,1900-01-01,9999-12-31
BDX,1900-01-01,9999-12-31
BE,1900-01-01,9999-12-31
BEN,1900-01-01,9999-12-31
BEPC,1900-01-01,9999-12-31
BF-A,1900-01-01,9999-12-31
BF-B,1900-01-01,9999-12-31
BFAM,1900-01-01,9999-12-31
BG,1900-01-01,9999-12-31
BHF,1900-01-01,9999-12-31
BIIB,1900-01-01,9999-12-31
BILL,1900-01-01,9999-12-31
BIO,1900-01-01,9999-12-31
BIRK,1900-01-01,9999-12-31
BJ,1900-01-01,9999-12-31
BKNG,1900-01-01,9999-12-31
BKR,1900-01-01,9999-12-31
BLDR,1900-01-01,9999-12-31
BLK,1900-01-01,9999-12-31
BLSH,1900-01-01,9999-12-31
BMNR,1900-01-01,9999-12-31
BMRN,1900-01-01,9999-12-31
BMY,1900-01-01,9999-12-31
BNY,1900-01-01,9999-12-31
BOKF,1900-01-01,9999-12-31
BPOP,1900-01-01,9999-12-31
BR,1900-01-01,9999-12-31
BRK-B,1900-01-01,9999-12-31
BRKR,1900-01-01,9999-12-31
BRO,1900-01-01,9999-12-31
BROS,1900-01-01,9999-12-31
BRX,1900-01-01,9999-12-31
BSX,1900-01-01,9999-12-31
BSY,1900-01-01,9999-12-31
BURL,1900-01-01,9999-12-31
BWA,1900-01-01,9999-12-31
BWXT,1900-01-01,9999-12-31
BX,1900-01-01,9999-12-31
BXP,1900-01-01,9999-12-31
BYD,1900-01-01,9999-12-31
C,1900-01-01,9999-12-31
CACC,1900-01-01,9999-12-31
CACI,1900-01-01,9999-12-31
CAG,1900-01-01,9999-12-31
CAH,1900-01-01,9999-12-31
CAI,1900-01-01,9999-12-31
CAR,1900-01-01,9999-12-31
CARR,1900-01-01,9999-12-31
CART,1900-01-01,9999-12-31
CASY,1900-01-01,9999-12-31
CAT,1900-01-01,9999-12-31
CAVA,1900-01-01,9999-12-31
CB,1900-01-01,9999-12-31
CBC,1900-01-01,9999-12-31
CBOE,1900-01-01,9999-12-31
CBRE,1900-01-01,9999-12-31
CBSH,1900-01-01,9999-12-31
CCC,1900-01-01,9999-12-31
CCI,1900-01-01,9999-12-31
CCK,1900-01-01,9999-12-31
CCL,1900-01-01,9999-12-31
CDE,1900-01-01,9999-12-31
CDNS,1900-01-01,9999-12-31
CDW,1900-01-01,9999-12-31
CE,1900-01-01,9999-12-31
CEG,1900-01-01,9999-12-31
CELG,1900-01-01,9999-12-31
CELH,1900-01-01,9999-12-31
CF,1900-01-01,9999-12-31
CFG,1900-01-01,9999-12-31
CFR,1900-01-01,9999-12-31
CG,1900-01-01,9999-12-31
CGNX,1900-01-01,9999-12-31
CHD,1900-01-01,9999-12-31
CHDN,1900-01-01,9999-12-31
CHE,1900-01-01,9999-12-31
CHH,1900-01-01,9999-12-31
CHRD,1900-01-01,9999-12-31
CHRW,1900-01-01,9999-12-31
CHTR,1900-01-01,9999-12-31
CHWY,1900-01-01,9999-12-31
CHYM,1900-01-01,9999-12-31
CI,1900-01-01,9999-12-31
CIEN,1900-01-01,9999-12-31
CINF,1900-01-01,9999-12-31
CL,1900-01-01,9999-12-31
CLF,1900-01-01,9999-12-31
CLH,1900-01-01,9999-12-31
CLX,1900-01-01,9999-12-31
CMCSA,1900-01-01,9999-12-31
CME,1900-01-01,9999-12-31
CMG,1900-01-01,9999-12-31
CMI,1900-01-01,9999-12-31
CMS,1900-01-01,9999-12-31
CNA,1900-01-01,9999-12-31
CNC,1900-01-01,9999-12-31
CNH,1900-01-01,9999-12-31
CNM,1900-01-01,9999-12-31
CNP,1900-01-01,9999-12-31
COF,1900-01-01,9999-12-31
COHR,1900-01-01,9999-12-31
COIN,1900-01-01,9999-12-31
COKE,1900-01-01,9999-12-31
COLB,1900-01-01,9999-12-31
COLD,1900-01-01,9999-12-31
COLM,1900-01-01,9999-12-31
COO,1900-01-01,9999-12-31
COP,1900-01-01,9999-12-31
COR,1900-01-01,9999-12-31
CORT,1900-01-01,9999-12-31
COST,1900-01-01,9999-12-31
CPAY,1900-01-01,9999-12-31
CPB,1900-01-01,9999-12-31
CPNG,1900-01-01,9999-12-31
CPRT,1900-01-01,9999-12-31
CPT,1900-01-01,9999-12-31
CR,1900-01-01,9999-12-31
CRBG,1900-01-01,9999-12-31
CRCL,1900-01-01,9999-12-31
CRDO,1900-01-01,9999-12-31
CRH,1900-01-01,9999-12-31
CRL,1900-01-01,9999-12-31
CRM,1900-01-01,9999-12-31
CROX,1900-01-01,9999-12-31
CRS,1900-01-01,9999-12-31
CRUS,1900-01-01,9999-12-31
CRWD,1900-01-01,9999-12-31
CRWV,1900-01-01,9999-12-31
CSCO,1900-01-01,9999-12-31
CSGP,1900-01-01,9999-12-31
CSL,1900-01-01,9999-12-31
CSX,1900-01-01,9999-12-31
CTAS,1900-01-01,9999-12-31
CTSH,1900-01-01,9999-12-31
CTVA,1900-01-01,9999-12-31
CUBE,1900-01-01,9999-12-31
CUZ,1900-01-01,9999-12-31
CVNA,1900-01-01,9999-12-31
CVS,1900-01-01,9999-12-31
CVX,1900-01-01,9999-12-31
CW,1900-01-01,9999-12-31
CWEN,1900-01-01,9999-12-31
CZR,1900-01-01,9999-12-31
D,1900-01-01,9999-12-31
DAL,1900-01-01,9999-12-31
DAR,1900-01-01,9999-12-31
DASH,1900-01-01,9999-12-31
DBX,1900-01-01,9999-12-31
DCI,1900-01-01,9999-12-31
DD,1900-01-01,9999-12-31
DDOG,1900-01-01,9999-12-31
DDS,1900-01-01,9999-12-31
DE,1900-01-01,9999-12-31
DECK,1900-01-01,9999-12-31
DELL,1900-01-01,9999-12-31
DG,1900-01-01,9999-12-31
DGX,1900-01-01,9999-12-31
DHI,1900-01-01,9999-12-31
DHR,1900-01-01,9999-12-31
DINO,1900-01-01,9999-12-31
DIS,1900-01-01,9999-12-31
DISH,1900-01-01,9999-12-31
DKNG,1900-01-01,9999-12-31
DKS,1900-01-01,9999-12-31
DLB,1900-01-01,9999-12-31
DLR,1900-01-01,9999-12-31
DLTR,1900-01-01,9999-12-31
DOC,1900-01-01,9999-12-31
DOCN,1900-01-01,9999-12-31
DOCS,1900-01-01,9999-12-31
DOCU,1900-01-01,9999-12-31
DOV,1900-01-01,9999-12-31
DOW,1900-01-01,9999-12-31
DOX,1900-01-01,9999-12-31
DPZ,1900-01-01,9999-12-31
DRE,1900-01-01,9999-12-31
DRI,1900-01-01,9999-12-31
DRS,1900-01-01,9999-12-31
DT,1900-01-01,9999-12-31
DTE,1900-01-01,9999-12-31
DTM,1900-01-01,9999-12-31
DUK,1900-01-01,9999-12-31
DUOL,1900-01-01,9999-12-31
DVA,1900-01-01,9999-12-31
DVN,1900-01-01,9999-12-31
DXCM,1900-01-01,9999-12-31
EA,1900-01-01,9999-12-31
EBAY,1900-01-01,9999-12-31
ECG,1900-01-01,9999-12-31
ECHO,1900-01-01,9999-12-31
ECL,1900-01-01,9999-12-31
ED,1900-01-01,9999-12-31
EEFT,1900-01-01,9999-12-31
EFX,1900-01-01,9999-12-31
EG,1900-01-01,9999-12-31
EGP,1900-01-01,9999-12-31
EHC,1900-01-01,9999-12-31
EIX,1900-01-01,9999-12-31
EL,1900-01-01,9999-12-31
ELAN,1900-01-01,9999-12-31
ELF,1900-01-01,9999-12-31
ELS,1900-01-01,9999-12-31
ELV,1900-01-01,9999-12-31
EME,1900-01-01,9999-12-31
EMN,1900-01-01,9999-12-31
EMR,1900-01-01,9999-12-31
ENPH,1900-01-01,9999-12-31
ENTG,1900-01-01,9999-12-31
EOG,1900-01-01,9999-12-31
EPAM,1900-01-01,9999-12-31
EPR,1900-01-01,9999-12-31
EQH,1900-01-01,9999-12-31
EQIX,1900-01-01,9999-12-31
EQR,1900-01-01,9999-12-31
EQT,1900-01-01,9999-12-31
ERIE,1900-01-01,9999-12-31
ES,1900-01-01,9999-12-31
ESAB,1900-01-01,9999-12-31
ESI,1900-01-01,9999-12-31
ESS,1900-01-01,9999-12-31
ESTC,1900-01-01,9999-12-31
ETN,1900-01-01,9999-12-31
ETR,1900-01-01,9999-12-31
ETSY,1900-01-01,9999-12-31
EVR,1900-01-01,9999-12-31
EVRG,1900-01-01,9999-12-31
EW,1900-01-01,9999-12-31
EWBC,1900-01-01,9999-12-31
EXC,1900-01-01,9999-12-31
EXE,1900-01-01,9999-12-31
EXEL,1900-01-01,9999-12-31
EXLS,1900-01-01,9999-12-31
EXP,1900-01-01,9999-12-31
EXPD,1900-01-01,9999-12-31
EXPE,1900-01-01,9999-12-31
EXR,1900-01-01,9999-12-31
F,1900-01-01,9999-12-31
FAF,1900-01-01,9999-12-31
FANG,1900-01-01,9999-12-31
FAST,1900-01-01,9999-12-31
FBIN,1900-01-01,9999-12-31
FCN,1900-01-01,9999-12-31
FCNCA,1900-01-01,9999-12-31
FCX,1900-01-01,9999-12-31
FDS,1900-01-01,9999-12-31
FDX,1900-01-01,9999-12-31
FDXF,1900-01-01,9999-12-31
FE,1900-01-01,9999-12-31
FERG,1900-01-01,9999-12-31
FFIV,1900-01-01,9999-12-31
FHB,1900-01-01,9999-12-31
FHN,1900-01-01,9999-12-31
FICO,1900-01-01,9999-12-31
FIGR,1900-01-01,9999-12-31
FIS,1900-01-01,9999-12-31
FISV,1900-01-01,9999-12-31
FITB,1900-01-01,9999-12-31
FIVE,1900-01-01,9999-12-31
FIX,1900-01-01,9999-12-31
FLEX,1900-01-01,9999-12-31
FLO,1900-01-01,9999-12-31
FLS,1900-01-01,9999-12-31
FLUT,1900-01-01,9999-12-31
FMC,1900-01-01,9999-12-31
FNB,1900-01-01,9999-12-31
FND,1900-01-01,9999-12-31
FNF,1900-01-01,9999-12-31
FOUR,1900-01-01,9999-12-31
FOX,1900-01-01,9999-12-31
FOXA,1900-01-01,9999-12-31
FR,1900-01-01,9999-12-31
FRC,1900-01-01,9999-12-31
FRHC,1900-01-01,9999-12-31
FRMI,1900-01-01,9999-12-31
FRPT,1900-01-01,9999-12-31
FRT,1900-01-01,9999-12-31
FSLR,1900-01-01,9999-12-31
FTAI,1900-01-01,9999-12-31
FTI,1900-01-01,9999-12-31
FTNT,1900-01-01,9999-12-31
FTV,1900-01-01,9999-12-31
FWONA,1900-01-01,9999-12-31
FWONK,1900-01-01,9999-12-31
G,1900-01-01,9999-12-31
GAP,1900-01-01,9999-12-31
GD,1900-01-01,9999-12-31
GDDY,1900-01-01,9999-12-31
GE,1900-01-01,9999-12-31
GEHC,1900-01-01,9999-12-31
GEN,1900-01-01,9999-12-31
GEV,1900-01-01,9999-12-31
GFS,1900-01-01,9999-12-31
GGG,1900-01-01,9999-12-31
GILD,1900-01-01,9999-12-31
GIS,1900-01-01,9999-12-31
GL,1900-01-01,9999-12-31
GLIBA,1900-01-01,9999-12-31
GLIBK,1900-01-01,9999-12-31
GLOB,1900-01-01,9999-12-31
GLPI,1900-01-01,9999-12-31
GLW,1900-01-01,9999-12-31
GM,1900-01-01,9999-12-31
GME,1900-01-01,9999-12-31
GMED,1900-01-01,9999-12-31
GNRC,1900-01-01,9999-12-31
GNTX,1900-01-01,9999-12-31
GOOG,1900-01-01,9999-12-31
GOOGL,1900-01-01,9999-12-31
GPC,1900-01-01,9999-12-31
GPK,1900-01-01,9999-12-31
GPN,1900-01-01,9999-12-31
GRMN,1900-01-01,9999-12-31
GS,1900-01-01,9999-12-31
GTES,1900-01-01,9999-12-31
GTLB,1900-01-01,9999-12-31
GTM,1900-01-01,9999-12-31
GWRE,1900-01-01,9999-12-31
GWW,1900-01-01,9999-12-31
GXO,1900-01-01,9999-12-31
H,1900-01-01,9999-12-31
HAL,1900-01-01,9999-12-31
HALO,1900-01-01,9999-12-31
HAS,1900-01-01,9999-12-31
HAYW,1900-01-01,9999-12-31
HBAN,1900-01-01,9999-12-31
HCA,1900-01-01,9999-12-31
HD,1900-01-01,9999-12-31
HEI,1900-01-01,9999-12-31
HEI-A,1900-01-01,9999-12-31
HHH,1900-01-01,9999-12-31
HIG,1900-01-01,9999-12-31
HII,1900-01-01,9999-12-31
HIW,1900-01-01,9999-12-31
HLI,1900-01-01,9999-12-31
HLNE,1900-01-01,9999-12-31
HLT,1900-01-01,9999-12-31
HOG,1900-01-01,9999-12-31
HON,1900-01-01,9999-12-31
HONA,1900-01-01,9999-12-31
HOOD,1900-01-01,9999-12-31
HPE,1900-01-01,9999-12-31
HPQ,1900-01-01,9999-12-31
HR,1900-01-01,9999-12-31
HRB,1900-01-01,9999-12-31
HRL,1900-01-01,9999-12-31
HSIC,1900-01-01,9999-12-31
HST,1900-01-01,9999-12-31
HSY,1900-01-01,9999-12-31
HUBB,1900-01-01,9999-12-31
HUBS,1900-01-01,9999-12-31
HUM,1900-01-01,9999-12-31
HUN,1900-01-01,9999-12-31
HWM,1900-01-01,9999-12-31
HXL,1900-01-01,9999-12-31
IBKR,1900-01-01,9999-12-31
IBM,1900-01-01,9999-12-31
ICE,1900-01-01,9999-12-31
IDA,1900-01-01,9999-12-31
IDXX,1900-01-01,9999-12-31
IEX,1900-01-01,9999-12-31
IFF,1900-01-01,9999-12-31
ILMN,1900-01-01,9999-12-31
INCY,1900-01-01,9999-12-31
INGM,1900-01-01,9999-12-31
INGR,1900-01-01,9999-12-31
INSM,1900-01-01,9999-12-31
INSP,1900-01-01,9999-12-31
INTC,1900-01-01,9999-12-31
INTU,1900-01-01,9999-12-31
INVH,1900-01-01,9999-12-31
IONS,1900-01-01,9999-12-31
IOT,1900-01-01,9999-12-31
IP,1900-01-01,9999-12-31
IPGP,1900-01-01,9999-12-31
IQV,1900-01-01,9999-12-31
IR,1900-01-01,9999-12-31
IRDM,1900-01-01,9999-12-31
IRM,1900-01-01,9999-12-31
ISRG,1900-01-01,9999-12-31
IT,1900-01-01,9999-12-31
ITT,1900-01-01,9999-12-31
ITW,1900-01-01,9999-12-31
IVZ,1900-01-01,9999-12-31
J,1900-01-01,9999-12-31
JAN,1900-01-01,9999-12-31
JAZZ,1900-01-01,9999-12-31
JBHT,1900-01-01,9999-12-31
JBL,1900-01-01,9999-12-31
JCI,1900-01-01,9999-12-31
JEF,1900-01-01,9999-12-31
JHX,1900-01-01,9999-12-31
JKHY,1900-01-01,9999-12-31
JLL,1900-01-01,9999-12-31
JNJ,1900-01-01,9999-12-31
JPM,1900-01-01,9999-12-31
KBR,1900-01-01,9999-12-31
KD,1900-01-01,9999-12-31
KDP,1900-01-01,9999-12-31
KEX,1900-01-01,9999-12-31
KEY,1900-01-01,9999-12-31
KEYS,1900-01-01,9999-12-31
KHC,1900-01-01,9999-12-31
KIM,1900-01-01,9999-12-31
KKR,1900-01-01,9999-12-31
KLAC,1900-01-01,9999-12-31
KMB,1900-01-01,9999-12-31
KMI,1900-01-01,9999-12-31
KMPR,1900-01-01,9999-12-31
KMX,1900-01-01,9999-12-31
KNSL,1900-01-01,9999-12-31
KNX,1900-01-01,9999-12-31
KO,1900-01-01,9999-12-31
KR,1900-01-01,9999-12-31
KRC,1900-01-01,9999-12-31
KRMN,1900-01-01,9999-12-31
KVUE,1900-01-01,9999-12-31
L,1900-01-01,9999-12-31
LAD,1900-01-01,9999-12-31
LAMR,1900-01-01,9999-12-31
LAZ,1900-01-01,9999-12-31
LBRDA,1900-01-01,9999-12-31
LBRDK,1900-01-01,9999-12-31
LBTYA,1900-01-01,9999-12-31
LBTYK,1900-01-01,9999-12-31
LCID,1900-01-01,9999-12-31
LDOS,1900-01-01,9999-12-31
LEA,1900-01-01,9999-12-31
LECO,1900-01-01,9999-12-31
LEN,1900-01-01,9999-12-31
LEN-B,1900-01-01,9999-12-31
LFUS,1900-01-01,9999-12-31
LH,1900-01-01,9999-12-31
LHX,1900-01-01,9999-12-31
LII,1900-01-01,9999-12-31
LIN,1900-01-01,9999-12-31
LINE,1900-01-01,9999-12-31
LITE,1900-01-01,9999-12-31
LKQ,1900-01-01,9999-12-31
LLY,1900-01-01,9999-12-31
LLYVA,1900-01-01,9999-12-31
LLYVK,1900-01-01,9999-12-31
LMT,1900-01-01,9999-12-31
LNC,1900-01-01,9999-12-31
LNG,1900-01-01,9999-12-31
LNT,1900-01-01,9999-12-31
LOAR,1900-01-01,9999-12-31
LOPE,1900-01-01,9999-12-31
LOW,1900-01-01,9999-12-31
LPLA,1900-01-01,9999-12-31
LPX,1900-01-01,9999-12-31
LRCX,1900-01-01,9999-12-31
LSCC,1900-01-01,9999-12-31
LSTR,1900-01-01,9999-12-31
LULU,1900-01-01,9999-12-31
LUV,1900-01-01,9999-12-31
LVS,1900-01-01,9999-12-31
LW,1900-01-01,9999-12-31
LYB,1900-01-01,9999-12-31
LYFT,1900-01-01,9999-12-31
LYV,1900-01-01,9999-12-31
M,1900-01-01,9999-12-31
MA,1900-01-01,9999-12-31
MAA,1900-01-01,9999-12-31
MAN,1900-01-01,9999-12-31
MANH,1900-01-01,9999-12-31
MAR,1900-01-01,9999-12-31
MAS,1900-01-01,9999-12-31
MASI,1900-01-01,9999-12-31
MAT,1900-01-01,9999-12-31
MCD,1900-01-01,9999-12-31
MCHP,1900-01-01,9999-12-31
MCK,1900-01-01,9999-12-31
MCO,1900-01-01,9999-12-31
MDB,1900-01-01,9999-12-31
MDLN,1900-01-01,9999-12-31
MDLZ,1900-01-01,9999-12-31
MDT,1900-01-01,9999-12-31
MDU,1900-01-01,9999-12-31
MEDP,1900-01-01,9999-12-31
MET,1900-01-01,9999-12-31
META,1900-01-01,9999-12-31
MGM,1900-01-01,9999-12-31
MHK,1900-01-01,9999-12-31
MIDD,1900-01-01,9999-12-31
MKC,1900-01-01,9999-12-31
MKL,1900-01-01,9999-12-31
MKSI,1900-01-01,9999-12-31
MKTX,1900-01-01,9999-12-31
MLI,1900-01-01,9999-12-31
MLM,1900-01-01,9999-12-31
MMM,1900-01-01,9999-12-31
MNST,1900-01-01,9999-12-31
MO,1900-01-01,9999-12-31
MOH,1900-01-01,9999-12-31
MON,1900-01-01,9999-12-31
MORN,1900-01-01,9999-12-31
MOS,1900-01-01,9999-12-31
MP,1900-01-01,9999-12-31
MPC,1900-01-01,9999-12-31
MPT,1900-01-01,9999-12-31
MPWR,1900-01-01,9999-12-31
MRK,1900-01-01,9999-12-31
MRNA,1900-01-01,9999-12-31
MRP,1900-01-01,9999-12-31
MRSH,1900-01-01,9999-12-31
MRVL,1900-01-01,9999-12-31
MS,1900-01-01,9999-12-31
MSA,1900-01-01,9999-12-31
MSCI,1900-01-01,9999-12-31
MSFT,1900-01-01,9999-12-31
MSGS,1900-01-01,9999-12-31
MSI,1900-01-01,9999-12-31
MSM,1900-01-01,9999-12-31
MSTR,1900-01-01,9999-12-31
MTB,1900-01-01,9999-12-31
MTCH,1900-01-01,9999-12-31
MTD,1900-01-01,9999-12-31
MTDR,1900-01-01,9999-12-31
MTG,1900-01-01,9999-12-31
MTN,1900-01-01,9999-12-31
MTSI,1900-01-01,9999-12-31
MTZ,1900-01-01,9999-12-31
MU,1900-01-01,9999-12-31
MUSA,1900-01-01,9999-12-31
MWH,1900-01-01,9999-12-31
NBIX,1900-01-01,9999-12-31
NCLH,1900-01-01,9999-12-31
NCNO,1900-01-01,9999-12-31
NDAQ,1900-01-01,9999-12-31
NDSN,1900-01-01,9999-12-31
NEE,1900-01-01,9999-12-31
NEM,1900-01-01,9999-12-31
NET,1900-01-01,9999-12-31
NEU,1900-01-01,9999-12-31
NFG,1900-01-01,9999-12-31
NFLX,1900-01-01,9999-12-31
NI,1900-01-01,9999-12-31
NIQ,1900-01-01,9999-12-31
NKE,1900-01-01,9999-12-31
NLY,1900-01-01,9999-12-31
NNN,1900-01-01,9999-12-31
NOC,1900-01-01,9999-12-31
NOV,1900-01-01,9999-12-31
NOW,1900-01-01,9999-12-31
NRG,1900-01-01,9999-12-31
NSC,1900-01-01,9999-12-31
NTAP,1900-01-01,9999-12-31
NTNX,1900-01-01,9999-12-31
NTRA,1900-01-01,9999-12-31
NTRS,1900-01-01,9999-12-31
NU,1900-01-01,9999-12-31
NUE,1900-01-01,9999-12-31
NVDA,1900-01-01,9999-12-31
NVR,1900-01-01,9999-12-31
NVST,1900-01-01,9999-12-31
NVT,1900-01-01,9999-12-31
NWL,1900-01-01,9999-12-31
NWS,1900-01-01,9999-12-31
NWSA,1900-01-01,9999-12-31
NXPI,1900-01-01,9999-12-31
NXST,1900-01-01,9999-12-31
NYT,1900-01-01,9999-12-31
O,1900-01-01,9999-12-31
OC,1900-01-01,9999-12-31
ODFL,1900-01-01,9999-12-31
OGE,1900-01-01,9999-12-31
OGN,1900-01-01,9999-12-31
OHI,1900-01-01,9999-12-31
OKE,1900-01-01,9999-12-31
OKTA,1900-01-01,9999-12-31
OLED,1900-01-01,9999-12-31
OLLI,1900-01-01,9999-12-31
OLN,1900-01-01,9999-12-31
OMC,1900-01-01,9999-12-31
OMF,1900-01-01,9999-12-31
ON,1900-01-01,9999-12-31
ONON,1900-01-01,9999-12-31
ONTO,1900-01-01,9999-12-31
ORCL,1900-01-01,9999-12-31
ORI,1900-01-01,9999-12-31
ORLY,1900-01-01,9999-12-31
OSK,1900-01-01,9999-12-31
OTIS,1900-01-01,9999-12-31
OVV,1900-01-01,9999-12-31
OWL,1900-01-01,9999-12-31
OXY,1900-01-01,9999-12-31
OZK,1900-01-01,9999-12-31
P,1900-01-01,9999-12-31
PAG,1900-01-01,9999-12-31
PANW,1900-01-01,9999-12-31
PARA,1900-01-01,9999-12-31
PATH,1900-01-01,9999-12-31
PAYC,1900-01-01,9999-12-31
PAYX,1900-01-01,9999-12-31
PB,1900-01-01,9999-12-31
PCAR,1900-01-01,9999-12-31
PCG,1900-01-01,9999-12-31
PCOR,1900-01-01,9999-12-31
PCTY,1900-01-01,9999-12-31
PEG,1900-01-01,9999-12-31
PEGA,1900-01-01,9999-12-31
PEN,1900-01-01,9999-12-31
PENN,1900-01-01,9999-12-31
PEP,1900-01-01,9999-12-31
PFE,1900-01-01,9999-12-31
PFG,1900-01-01,9999-12-31
PFGC,1900-01-01,9999-12-31
PG,1900-01-01,9999-12-31
PGR,1900-01-01,9999-12-31
PH,1900-01-01,9999-12-31
PHM,1900-01-01,9999-12-31
PINS,1900-01-01,9999-12-31
PK,1900-01-01,9999-12-31
PKG,1900-01-01,9999-12-31
PLD,1900-01-01,9999-12-31
PLNT,1900-01-01,9999-12-31
PLTR,1900-01-01,9999-12-31
PM,1900-01-01,9999-12-31
PNC,1900-01-01,9999-12-31
PNFP,1900-01-01,9999-12-31
PNR,1900-01-01,9999-12-31
PNW,1900-01-01,9999-12-31
PODD,1900-01-01,9999-12-31
POOL,1900-01-01,9999-12-31
POST,1900-01-01,9999-12-31
PPC,1900-01-01,9999-12-31
PPG,1900-01-01,9999-12-31
PPL,1900-01-01,9999-12-31
PPLI,1900-01-01,9999-12-31
PR,1900-01-01,9999-12-31
PRGO,1900-01-01,9999-12-31
PRI,1900-01-01,9999-12-31
PRMB,1900-01-01,9999-12-31
PRU,1900-01-01,9999-12-31
PSA,1900-01-01,9999-12-31
PSKY,1900-01-01,9999-12-31
PSN,1900-01-01,9999-12-31
PSX,1900-01-01,9999-12-31
PTC,1900-01-01,9999-12-31
PVH,1900-01-01,9999-12-31
PWR,1900-01-01,9999-12-31
PXD,1900-01-01,9999-12-31
PYPL,1900-01-01,9999-12-31
Q,1900-01-01,9999-12-31
QCOM,1900-01-01,9999-12-31
QGEN,1900-01-01,9999-12-31
QRVO,1900-01-01,9999-12-31
QS,1900-01-01,9999-12-31
QSR,1900-01-01,9999-12-31
QXO,1900-01-01,9999-12-31
R,1900-01-01,9999-12-31
RAL,1900-01-01,9999-12-31
RARE,1900-01-01,9999-12-31
RBA,1900-01-01,9999-12-31
RBC,1900-01-01,9999-12-31
RBLX,1900-01-01,9999-12-31
RBRK,1900-01-01,9999-12-31
RCL,1900-01-01,9999-12-31
RDDT,1900-01-01,9999-12-31
REG,1900-01-01,9999-12-31
REGN,1900-01-01,9999-12-31
REXR,1900-01-01,9999-12-31
REYN,1900-01-01,9999-12-31
RF,1900-01-01,9999-12-31
RGA,1900-01-01,9999-12-31
RGEN,1900-01-01,9999-12-31
RGLD,1900-01-01,9999-12-31
RH,1900-01-01,9999-12-31
RHI,1900-01-01,9999-12-31
RITM,1900-01-01,9999-12-31
RIVN,1900-01-01,9999-12-31
RJF,1900-01-01,9999-12-31
RKLB,1900-01-01,9999-12-31
RKT,1900-01-01,9999-12-31
RL,1900-01-01,9999-12-31
RLI,1900-01-01,9999-12-31
RMD,1900-01-01,9999-12-31
RNG,1900-01-01,9999-12-31
RNR,1900-01-01,9999-12-31
ROIV,1900-01-01,9999-12-31
ROK,1900-01-01,9999-12-31
ROKU,1900-01-01,9999-12-31
ROL,1900-01-01,9999-12-31
ROP,1900-01-01,9999-12-31
ROST,1900-01-01,9999-12-31
RPM,1900-01-01,9999-12-31
RPRX,1900-01-01,9999-12-31
RRC,1900-01-01,9999-12-31
RRX,1900-01-01,9999-12-31
RS,1900-01-01,9999-12-31
RSG,1900-01-01,9999-12-31
RTX,1900-01-01,9999-12-31
RVMD,1900-01-01,9999-12-31
RVTY,1900-01-01,9999-12-31
RYAN,1900-01-01,9999-12-31
RYN,1900-01-01,9999-12-31
S,1900-01-01,9999-12-31
SAIA,1900-01-01,9999-12-31
SAIC,1900-01-01,9999-12-31
SAIL,1900-01-01,9999-12-31
SAM,1900-01-01,9999-12-31
SARO,1900-01-01,9999-12-31
SBAC,1900-01-01,9999-12-31
SBNY,1900-01-01,9999-12-31
SBUX,1900-01-01,9999-12-31
SCCO,1900-01-01,9999-12-31
SCHW,1900-01-01,9999-12-31
SCI,1900-01-01,9999-12-31
SEB,1900-01-01,9999-12-31
SEIC,1900-01-01,9999-12-31
SF,1900-01-01,9999-12-31
SFD,1900-01-01,9999-12-31
SFM,1900-01-01,9999-12-31
SGI,1900-01-01,9999-12-31
SHC,1900-01-01,9999-12-31
SHW,1900-01-01,9999-12-31
SIRI,1900-01-01,9999-12-31
SITE,1900-01-01,9999-12-31
SIVB,1900-01-01,9999-12-31
SJM,1900-01-01,9999-12-31
SLB,1900-01-01,9999-12-31
SLGN,1900-01-01,9999-12-31
SLM,1900-01-01,9999-12-31
SMCI,1900-01-01,9999-12-31
SMG,1900-01-01,9999-12-31
SMMT,1900-01-01,9999-12-31
SN,1900-01-01,9999-12-31
SNA,1900-01-01,9999-12-31
SNDK,1900-01-01,9999-12-31
SNDR,1900-01-01,9999-12-31
SNOW,1900-01-01,9999-12-31
SNPS,1900-01-01,9999-12-31
SNX,1900-01-01,9999-12-31
SO,1900-01-01,9999-12-31
SOFI,1900-01-01,9999-12-31
SOLS,1900-01-01,9999-12-31
SOLV,1900-01-01,9999-12-31
SON,1900-01-01,9999-12-31
SPCX,1900-01-01,9999-12-31
SPG,1900-01-01,9999-12-31
SPGI,1900-01-01,9999-12-31
SPOT,1900-01-01,9999-12-31
SRE,1900-01-01,9999-12-31
SRPT,1900-01-01,9999-12-31
SSB,1900-01-01,9999-12-31
SSD,1900-01-01,9999-12-31
SSNC,1900-01-01,9999-12-31
ST,1900-01-01,9999-12-31
STAG,1900-01-01,9999-12-31
STE,1900-01-01,9999-12-31
STLD,1900-01-01,9999-12-31
STT,1900-01-01,9999-12-31
STWD,1900-01-01,9999-12-31
STX,1900-01-01,9999-12-31
STZ,1900-01-01,9999-12-31
SUI,1900-01-01,9999-12-31
SW,1900-01-01,9999-12-31
SWK,1900-01-01,9999-12-31
SWKS,1900-01-01,9999-12-31
SYF,1900-01-01,9999-12-31
SYK,1900-01-01,9999-12-31
SYY,1900-01-01,9999-12-31
T,1900-01-01,9999-12-31
TAP,1900-01-01,9999-12-31
TDC,1900-01-01,9999-12-31
TDG,1900-01-01,9999-12-31
TDY,1900-01-01,9999-12-31
TEAM,1900-01-01,9999-12-31
TECH,1900-01-01,9999-12-31
TEL,1900-01-01,9999-12-31
TEM,1900-01-01,9999-12-31
TER,1900-01-01,9999-12-31
TFC,1900-01-01,9999-12-31
TFSL,1900-01-01,9999-12-31
TFX,1900-01-01,9999-12-31
TGT,1900-01-01,9999-12-31
THC,1900-01-01,9999-12-31
THG,1900-01-01,9999-12-31
THO,1900-01-01,9999-12-31
TIGO,1900-01-01,9999-12-31
TJX,1900-01-01,9999-12-31
TKO,1900-01-01,9999-12-31
TKR,1900-01-01,9999-12-31
TLN,1900-01-01,9999-12-31
TMO,1900-01-01,9999-12-31
TMUS,1900-01-01,9999-12-31
TNL,1900-01-01,9999-12-31
TOL,1900-01-01,9999-12-31
TOST,1900-01-01,9999-12-31
TPG,1900-01-01,9999-12-31
TPL,1900-01-01,9999-12-31
TPR,1900-01-01,9999-12-31
TREX,1900-01-01,9999-12-31
TRGP,1900-01-01,9999-12-31
TRMB,1900-01-01,9999-12-31
TROW,1900-01-01,9999-12-31
TRU,1900-01-01,9999-12-31
TRV,1900-01-01,9999-12-31
TSCO,1900-01-01,9999-12-31
TSLA,1900-01-01,9999-12-31
TSN,1900-01-01,9999-12-31
TT,1900-01-01,9999-12-31
TTC,1900-01-01,9999-12-31
TTD,1900-01-01,9999-12-31
TTEK,1900-01-01,9999-12-31
TTWO,1900-01-01,9999-12-31
TW,1900-01-01,9999-12-31
TWLO,1900-01-01,9999-12-31
TWTR,1900-01-01,9999-12-31
TXN,1900-01-01,9999-12-31
TXRH,1900-01-01,9999-12-31
TXT,1900-01-01,9999-12-31
TYL,1900-01-01,9999-12-31
U,1900-01-01,9999-12-31
UA,1900-01-01,9999-12-31
UAA,1900-01-01,9999-12-31
UAL,1900-01-01,9999-12-31
UBER,1900-01-01,9999-12-31
UDR,1900-01-01,9999-12-31
UGI,1900-01-01,9999-12-31
UHAL,1900-01-01,9999-12-31
UHAL-B,1900-01-01,9999-12-31
UHS,1900-01-01,9999-12-31
UI,1900-01-01,9999-12-31
ULTA,1900-01-01,9999-12-31
UNH,1900-01-01,9999-12-31
UNM,1900-01-01,9999-12-31
UNP,1900-01-01,9999-12-31
UPS,1900-01-01,9999-12-31
URI,1900-01-01,9999-12-31
USB,1900-01-01,9999-12-31
USFD,1900-01-01,9999-12-31
UTHR,1900-01-01,9999-12-31
UWMC,1900-01-01,9999-12-31
V,1900-01-01,9999-12-31
VEEV,1900-01-01,9999-12-31
VFC,1900-01-01,9999-12-31
VGNT,1900-01-01,9999-12-31
VICI,1900-01-01,9999-12-31
VIK,1900-01-01,9999-12-31
VIRT,1900-01-01,9999-12-31
VKTX,1900-01-01,9999-12-31
VLO,1900-01-01,9999-12-31
VLTO,1900-01-01,9999-12-31
VMC,1900-01-01,9999-12-31
VMI,1900-01-01,9999-12-31
VNO,1900-01-01,9999-12-31
VNOM,1900-01-01,9999-12-31
VNT,1900-01-01,9999-12-31
VOYA,1900-01-01,9999-12-31
VRSK,1900-01-01,9999-12-31
VRSN,1900-01-01,9999-12-31
VRT,1900-01-01,9999-12-31
VRTX,1900-01-01,9999-12-31
VSNT,1900-01-01,9999-12-31
VST,1900-01-01,9999-12-31
VTR,1900-01-01,9999-12-31
VTRS,1900-01-01,9999-12-31
VVV,1900-01-01,9999-12-31
VZ,1900-01-01,9999-12-31
W,1900-01-01,9999-12-31
WAB,1900-01-01,9999-12-31
WAL,1900-01-01,9999-12-31
WAT,1900-01-01,9999-12-31
WBA,1900-01-01,9999-12-31
WBD,1900-01-01,9999-12-31
WBS,1900-01-01,9999-12-31
WCC,1900-01-01,9999-12-31
WDAY,1900-01-01,9999-12-31
WDC,1900-01-01,9999-12-31
WEC,1900-01-01,9999-12-31
WELL,1900-01-01,9999-12-31
WEN,1900-01-01,9999-12-31
WEX,1900-01-01,9999-12-31
WFC,1900-01-01,9999-12-31
WFM,1900-01-01,9999-12-31
WFRD,1900-01-01,9999-12-31
WH,1900-01-01,9999-12-31
WHR,1900-01-01,9999-12-31
WING,1900-01-01,9999-12-31
WLK,1900-01-01,9999-12-31
WM,1900-01-01,9999-12-31
WMB,1900-01-01,9999-12-31
WMS,1900-01-01,9999-12-31
WMT,1900-01-01,9999-12-31
WPC,1900-01-01,9999-12-31
WRB,1900-01-01,9999-12-31
WSC,1900-01-01,9999-12-31
WSM,1900-01-01,9999-12-31
WSO,1900-01-01,9999-12-31
WST,1900-01-01,9999-12-31
WTFC,1900-01-01,9999-12-31
WTM,1900-01-01,9999-12-31
WTRG,1900-01-01,9999-12-31
WTW,1900-01-01,9999-12-31
WU,1900-01-01,9999-12-31
WWD,1900-01-01,9999-12-31
WY,1900-01-01,9999-12-31
WYNN,1900-01-01,9999-12-31
X,1900-01-01,9999-12-31
XE,1900-01-01,9999-12-31
XEL,1900-01-01,9999-12-31
XOM,1900-01-01,9999-12-31
XP,1900-01-01,9999-12-31
XPO,1900-01-01,9999-12-31
XRAY,1900-01-01,9999-12-31
XYL,1900-01-01,9999-12-31
XYZ,1900-01-01,9999-12-31
YETI,1900-01-01,9999-12-31
YUM,1900-01-01,9999-12-31
Z,1900-01-01,9999-12-31
ZBH,1900-01-01,9999-12-31
ZBRA,1900-01-01,9999-12-31
ZG,1900-01-01,9999-12-31
ZION,1900-01-01,9999-12-31
ZM,1900-01-01,9999-12-31
ZS,1900-01-01,9999-12-31
ZTS,1900-01-01,9999-12-31
