Date,Portfolio Value,Cash
2020-01-02,30000.0,0.0
2020-01-03,29808.36,0.0
2020-01-06,29816.96,0.0
2020-01-07,29804.03,0.0
2020-01-08,29919.63,0.0
2020-01-09,30124.89,0.0
2020-01-10,30279.35,0.0
2020-01-13,30823.28,0.0
2020-01-14,30674.01,0.0
2020-01-15,30599.14,0.0
2020-01-16,30947.27,0.0
2020-01-17,31037.51,0.0
2020-01-21,31008.33,0.0
2020-01-22,31127.04,0.0
2020-01-23,31281.7,0.0
2020-01-24,30827.51,0.0
2020-01-27,30353.14,0.0
2020-01-28,30835.59,0.0
2020-01-29,30691.23,0.0
2020-01-30,30714.07,0.0
2020-01-31,30037.35,0.0
2020-02-03,30513.25,0.0
2020-02-04,31125.99,0.0
2020-02-05,31014.12,0.0
2020-02-06,30906.95,0.0
2020-02-07,30720.5,0.0
2020-02-10,31132.66,0.0
2020-02-11,31272.28,0.0
2020-02-12,31573.6,0.0
2020-02-13,31583.66,0.0
2020-02-14,31473.38,0.0
2020-02-18,31187.71,0.0
2020-02-19,31324.43,0.0
2020-02-20,31138.37,0.0
2020-02-21,30606.11,0.0
2020-02-24,29680.31,0.0
2020-02-25,28623.91,0.0
2020-02-26,28444.25,0.0
2020-02-27,27385.05,0.0
2020-02-28,27408.76,0.0
2020-03-02,28567.74,0.0
2020-03-03,28060.06,0.0
2020-03-04,29134.13,0.0
2020-03-05,28254.4,0.0
2020-03-06,27426.52,0.0
2020-03-09,25244.74,0.0
2020-03-10,26508.02,0.0
2020-03-11,25433.45,0.0
2020-03-12,23214.7,0.0
2020-03-13,24544.71,0.0
2020-03-16,21188.19,0.0
2020-03-17,22596.08,0.0
2020-03-18,20629.57,0.0
2020-03-19,21271.95,0.0
2020-03-20,20668.96,0.0
2020-03-23,20642.41,0.0
2020-03-24,22721.0,0.0
2020-03-25,23163.07,0.0
2020-03-26,24652.37,0.0
2020-03-27,23751.56,0.0
2020-03-30,24471.23,0.0
2020-03-31,24106.36,0.0
2020-04-01,23002.98,0.0
2020-04-02,23327.59,0.0
2020-04-03,22858.21,0.0
2020-04-06,24765.32,0.0
2020-04-07,24775.28,0.0
2020-04-08,25820.73,0.0
2020-04-09,26237.31,0.0
2020-04-13,25941.38,0.0
2020-04-14,27073.54,0.0
2020-04-15,26469.2,0.0
2020-04-16,26550.53,0.0
2020-04-17,27359.76,0.0
2020-04-20,26873.22,0.0
2020-04-21,25828.63,0.0
2020-04-22,26605.82,0.0
2020-04-23,26688.03,0.0
2020-04-24,26995.88,0.0
2020-04-27,27640.49,0.0
2020-04-28,27421.71,0.0
2020-04-29,28330.58,0.0
2020-04-30,27996.71,0.0
2020-05-01,27158.58,0.0
2020-05-04,27434.14,0.0
2020-05-05,27854.04,0.0
2020-05-06,27626.01,0.0
2020-05-07,27875.36,0.0
2020-05-08,28407.09,0.0
2020-05-11,28689.06,0.0
2020-05-12,28270.04,0.0
2020-05-13,27899.84,0.0
2020-05-14,28241.52,0.0
2020-05-15,28417.1,0.0
2020-05-18,29129.03,0.0
2020-05-19,28974.29,0.0
2020-05-20,29256.43,0.0
2020-05-21,28899.13,0.0
2020-05-22,29068.96,0.0
2020-05-26,28881.08,0.0
2020-05-27,29358.87,0.0
2020-05-28,29722.73,0.0
2020-05-29,30408.82,0.0
2020-06-01,30470.05,0.0
2020-06-02,30791.85,0.0
2020-06-03,31134.2,0.0
2020-06-04,30736.9,0.0
2020-06-05,31235.3,0.0
2020-06-08,31449.25,0.0
2020-06-09,31320.79,0.0
2020-06-10,31624.39,0.0
2020-06-11,29832.62,0.0
2020-06-12,30003.88,0.0
2020-06-15,30530.41,0.0
2020-06-16,30978.06,0.0
2020-06-17,31120.38,0.0
2020-06-18,31077.4,0.0
2020-06-19,31354.52,0.0
2020-06-22,31582.08,0.0
2020-06-23,31486.74,0.0
2020-06-24,30783.61,0.0
2020-06-25,31217.86,0.0
2020-06-26,30727.65,0.0
2020-06-29,30871.25,0.0
2020-06-30,31612.78,0.0
2020-07-01,31698.07,0.0
2020-07-02,31949.06,0.0
2020-07-06,32539.07,0.0
2020-07-07,32372.14,0.0
2020-07-08,32734.7,0.0
2020-07-09,32751.68,0.0
2020-07-10,32854.34,0.0
2020-07-13,32075.41,0.0
2020-07-14,32569.64,0.0
2020-07-15,32924.86,0.0
2020-07-16,32726.63,0.0
2020-07-17,33102.97,0.0
2020-07-20,33811.96,0.0
2020-07-21,33477.78,0.0
2020-07-22,33719.91,0.0
2020-07-23,33123.84,0.0
2020-07-24,32697.29,0.0
2020-07-27,33335.05,0.0
2020-07-28,32952.52,0.0
2020-07-29,33606.71,0.0
2020-07-30,33643.32,0.0
2020-07-31,33815.82,0.0
2020-08-03,34271.36,0.0
2020-08-04,34328.08,0.0
2020-08-05,34628.92,0.0
2020-08-06,34519.49,0.0
2020-08-07,34485.15,0.0
2020-08-10,34117.13,0.0
2020-08-11,33582.63,0.0
2020-08-12,34061.44,0.0
2020-08-13,34474.81,0.0
2020-08-14,34369.32,0.0
2020-08-17,34954.24,0.0
2020-08-18,34858.71,0.0
2020-08-19,34961.32,0.0
2020-08-20,35339.73,0.0
2020-08-21,35435.63,0.0
2020-08-24,35368.55,0.0
2020-08-25,35552.82,0.0
2020-08-26,36053.74,0.0
2020-08-27,35673.18,0.0
2020-08-28,35781.02,0.0
2020-08-31,36339.79,0.0
2020-09-01,36492.38,0.0
2020-09-02,37014.55,0.0
2020-09-03,34923.25,0.0
2020-09-04,34305.07,0.0
2020-09-08,33255.28,0.0
2020-09-09,34302.73,0.0
2020-09-10,33892.6,0.0
2020-09-11,33906.79,0.0
2020-09-14,34666.04,0.0
2020-09-15,35266.24,0.0
2020-09-16,34937.27,0.0
2020-09-17,34625.47,0.0
2020-09-18,34563.4,0.0
2020-09-21,34365.37,0.0
2020-09-22,34661.93,0.0
2020-09-23,33824.26,0.0
2020-09-24,33873.02,0.0
2020-09-25,34619.18,0.0
2020-09-28,35259.94,0.0
2020-09-29,35384.3,0.0
2020-09-30,35652.73,0.0
2020-10-01,36246.44,0.0
2020-10-02,35769.14,0.0
2020-10-05,36693.67,0.0
2020-10-06,36281.24,0.0
2020-10-07,36997.33,0.0
2020-10-08,37191.44,0.0
2020-10-09,37674.18,0.0
2020-10-12,38151.65,0.0
2020-10-13,38275.53,0.0
2020-10-14,37870.6,0.0
2020-10-15,37318.24,0.0
2020-10-16,37394.57,0.0
2020-10-19,36991.52,0.0
2020-10-20,36971.22,0.0
2020-10-21,36871.97,0.0
2020-10-22,36564.84,0.0
2020-10-23,36746.74,0.0
2020-10-26,35961.0,0.0
2020-10-27,35978.3,0.0
2020-10-28,34945.43,0.0
2020-10-29,35323.76,0.0
2020-10-30,34689.02,0.0
2020-11-02,34923.47,0.0
2020-11-03,35613.32,0.0
2020-11-04,36693.25,0.0
2020-11-05,37573.89,0.0
2020-11-06,38393.39,0.0
2020-11-09,36808.53,0.0
2020-11-10,35834.19,0.0
2020-11-11,36877.66,0.0
2020-11-12,36728.85,0.0
2020-11-13,36984.32,0.0
2020-11-16,37095.47,0.0
2020-11-17,37417.19,0.0
2020-11-18,37210.29,0.0
2020-11-19,37825.93,0.0
2020-11-20,37786.43,0.0
2020-11-23,38071.13,0.0
2020-11-24,38139.22,0.0
2020-11-25,38345.4,0.0
2020-11-27,38944.57,0.0
2020-11-30,39230.27,0.0
2020-12-01,39352.6,0.0
2020-12-02,38778.09,0.0
2020-12-03,38830.84,0.0
2020-12-04,39185.26,0.0
2020-12-07,39438.02,0.0
2020-12-08,39672.36,0.0
2020-12-09,38790.66,0.0
2020-12-10,39027.51,0.0
2020-12-11,39030.7,0.0
2020-12-14,39160.2,0.0
2020-12-15,39556.2,0.0
2020-12-16,39727.98,0.0
2020-12-17,40233.86,0.0
2020-12-18,40601.37,0.0
2020-12-21,40076.82,0.0
2020-12-22,40494.65,0.0
2020-12-23,40120.25,0.0
2020-12-24,40308.21,0.0
2020-12-28,39791.87,0.0
2020-12-29,39662.16,0.0
2020-12-30,39938.48,0.0
2020-12-31,40063.46,0.0
2021-01-04,39707.85,0.0
2021-01-05,40131.06,0.0
2021-01-06,40168.04,0.0
2021-01-07,41325.69,0.0
2021-01-08,41851.67,0.0
2021-01-11,41738.3,0.0
2021-01-12,41948.13,0.0
2021-01-13,41976.79,0.0
2021-01-14,41813.43,0.0
2021-01-15,41712.09,0.0
2021-01-19,42142.63,0.0
2021-01-20,42848.25,0.0
2021-01-21,42677.33,0.0
2021-01-22,42648.41,0.0
2021-01-25,42735.08,0.0
2021-01-26,42378.61,0.0
2021-01-27,41172.77,0.0
2021-01-28,41423.55,0.0
2021-01-29,40713.08,0.0
2021-02-01,41332.19,0.0
2021-02-02,42320.89,0.0
2021-02-03,42061.13,0.0
2021-02-04,42580.49,0.0
2021-02-05,42949.26,0.0
2021-02-08,43513.57,0.0
2021-02-09,43407.13,0.0
2021-02-10,43463.62,0.0
2021-02-11,43784.96,0.0
2021-02-12,44297.17,0.0
2021-02-16,44219.68,0.0
2021-02-17,43908.47,0.0
2021-02-18,43623.66,0.0
2021-02-19,43940.69,0.0
2021-02-22,42660.41,0.0
2021-02-23,42586.56,0.0
2021-02-24,42843.7,0.0
2021-02-25,41609.48,0.0
2021-02-26,41925.67,0.0
2021-03-01,43222.23,0.0
2021-03-02,42357.14,0.0
2021-03-03,41169.75,0.0
2021-03-04,39754.21,0.0
2021-03-05,40208.44,0.0
2021-03-08,39463.58,0.0
2021-03-09,40595.13,0.0
2021-03-10,40820.75,0.0
2021-03-11,42027.51,0.0
2021-03-12,42041.49,0.0
2021-03-15,42551.85,0.0
2021-03-16,42391.31,0.0
2021-03-17,42213.05,0.0
2021-03-18,41749.72,0.0
2021-03-19,42505.29,0.0
2021-03-22,42846.99,0.0
2021-03-23,42180.11,0.0
2021-03-24,40964.73,0.0
2021-03-25,41126.1,0.0
2021-03-26,41774.31,0.0
2021-03-29,41192.57,0.0
2021-03-30,41647.44,0.0
2021-03-31,42264.36,0.0
2021-04-01,43053.3,0.0
2021-04-05,43268.74,0.0
2021-04-06,43606.03,0.0
2021-04-07,43262.93,0.0
2021-04-08,43458.71,0.0
2021-04-09,43423.8,0.0
2021-04-12,43302.13,0.0
2021-04-13,43329.38,0.0
2021-04-14,43308.35,0.0
2021-04-15,43493.06,0.0
2021-04-16,43552.77,0.0
2021-04-19,42840.6,0.0
2021-04-20,41940.55,0.0
2021-04-21,42859.68,0.0
2021-04-22,42411.4,0.0
2021-04-23,43142.52,0.0
2021-04-26,44036.1,0.0
2021-04-27,44070.21,0.0
2021-04-28,44278.95,0.0
2021-04-29,44280.01,0.0
2021-04-30,43521.5,0.0
2021-05-03,43565.64,0.0
2021-05-04,43428.89,0.0
2021-05-05,43830.63,0.0
2021-05-06,43813.92,0.0
2021-05-07,44968.47,0.0
2021-05-10,44067.64,0.0
2021-05-11,43532.38,0.0
2021-05-12,42093.06,0.0
2021-05-13,42643.01,0.0
2021-05-14,43710.04,0.0
2021-05-17,43472.31,0.0
2021-05-18,42864.08,0.0
2021-05-19,42628.85,0.0
2021-05-20,43001.77,0.0
2021-05-21,42967.32,0.0
2021-05-24,43425.2,0.0
2021-05-25,43248.84,0.0
2021-05-26,43722.29,0.0
2021-05-27,44160.02,0.0
2021-05-28,44144.06,0.0
2021-06-01,44543.74,0.0
2021-06-02,44453.4,0.0
2021-06-03,43824.8,0.0
2021-06-04,44409.79,0.0
2021-06-07,44549.34,0.0
2021-06-08,44819.26,0.0
2021-06-09,44184.78,0.0
2021-06-10,44014.66,0.0
2021-06-11,44278.31,0.0
2021-06-14,43901.25,0.0
2021-06-15,43900.95,0.0
2021-06-16,43842.3,0.0
2021-06-17,43026.61,0.0
2021-06-18,42282.69,0.0
2021-06-21,43346.58,0.0
2021-06-22,43446.58,0.0
2021-06-23,43695.75,0.0
2021-06-24,44466.96,0.0
2021-06-25,44419.48,0.0
2021-06-28,44473.84,0.0
2021-06-29,44618.97,0.0
2021-06-30,44696.31,0.0
2021-07-01,44877.02,0.0
2021-07-02,44891.52,0.0
2021-07-06,44247.78,0.0
2021-07-07,44301.57,0.0
2021-07-08,43778.94,0.0
2021-07-09,44795.25,0.0
2021-07-12,45170.72,0.0
2021-07-13,44443.88,0.0
2021-07-14,44184.66,0.0
2021-07-15,43849.47,0.0
2021-07-16,43189.58,0.0
2021-07-19,42393.63,0.0
2021-07-20,43838.26,0.0
2021-07-21,44458.57,0.0
2021-07-22,44127.05,0.0
2021-07-23,44403.27,0.0
2021-07-26,44679.62,0.0
2021-07-27,44228.32,0.0
2021-07-28,44381.08,0.0
2021-07-29,44929.82,0.0
2021-07-30,44784.32,0.0
2021-08-02,44670.89,0.0
2021-08-03,45341.88,0.0
2021-08-04,44849.77,0.0
2021-08-05,45386.08,0.0
2021-08-06,45682.49,0.0
2021-08-09,45582.86,0.0
2021-08-10,46398.79,0.0
2021-08-11,46863.39,0.0
2021-08-12,47035.23,0.0
2021-08-13,46748.87,0.0
2021-08-16,46357.88,0.0
2021-08-17,45563.81,0.0
2021-08-18,45295.92,0.0
2021-08-19,44637.77,0.0
2021-08-20,45119.22,0.0
2021-08-23,45837.21,0.0
2021-08-24,46396.26,0.0
2021-08-25,46734.45,0.0
2021-08-26,46449.91,0.0
2021-08-27,47166.89,0.0
2021-08-30,46806.03,0.0
2021-08-31,46514.56,0.0
2021-09-01,46138.97,0.0
2021-09-02,46497.53,0.0
2021-09-03,46241.39,0.0
2021-09-07,45446.28,0.0
2021-09-08,44922.45,0.0
2021-09-09,44961.03,0.0
2021-09-10,44664.12,0.0
2021-09-13,44653.86,0.0
2021-09-14,44183.11,0.0
2021-09-15,44919.75,0.0
2021-09-16,44953.86,0.0
2021-09-17,44565.28,0.0
2021-09-20,43749.01,0.0
2021-09-21,43725.89,0.0
2021-09-22,44571.64,0.0
2021-09-23,45237.64,0.0
2021-09-24,45188.69,0.0
2021-09-27,45486.92,0.0
2021-09-28,44513.92,0.0
2021-09-29,44238.5,0.0
2021-09-30,43336.74,0.0
2021-10-01,43682.02,0.0
2021-10-04,43383.11,0.0
2021-10-05,43694.19,0.0
2021-10-06,43270.53,0.0
2021-10-07,43826.52,0.0
2021-10-08,43576.01,0.0
2021-10-11,43543.82,0.0
2021-10-12,43547.33,0.0
2021-10-13,43710.16,0.0
2021-10-14,44647.25,0.0
2021-10-15,44998.87,0.0
2021-10-18,45420.84,0.0
2021-10-19,45435.05,0.0
2021-10-20,45780.07,0.0
2021-10-21,45845.81,0.0
2021-10-22,46158.37,0.0
2021-10-25,46700.03,0.0
2021-10-26,46415.67,0.0
2021-10-27,45653.5,0.0
2021-10-28,46677.61,0.0
2021-10-29,46617.52,0.0
2021-11-01,47320.75,0.0
2021-11-02,47475.24,0.0
2021-11-03,48011.79,0.0
2021-11-04,47983.94,0.0
2021-11-05,48917.18,0.0
2021-11-08,48885.88,0.0
2021-11-09,48581.37,0.0
2021-11-10,47860.25,0.0
2021-11-11,48272.26,0.0
2021-11-12,48286.1,0.0
2021-11-15,48289.68,0.0
2021-11-16,48457.35,0.0
2021-11-17,47756.21,0.0
2021-11-18,47908.42,0.0
2021-11-19,47344.38,0.0
2021-11-22,47816.94,0.0
2021-11-23,48026.4,0.0
2021-11-24,48016.69,0.0
2021-11-26,46103.83,0.0
2021-11-29,46570.71,0.0
2021-11-30,45177.23,0.0
2021-12-01,44207.47,0.0
2021-12-02,45322.45,0.0
2021-12-03,44710.99,0.0
2021-12-06,45159.38,0.0
2021-12-07,46451.1,0.0
2021-12-08,46321.97,0.0
2021-12-09,45676.51,0.0
2021-12-10,45729.12,0.0
2021-12-13,44944.15,0.0
2021-12-14,44745.06,0.0
2021-12-15,45228.65,0.0
2021-12-16,44994.63,0.0
2021-12-17,44598.08,0.0
2021-12-20,43696.14,0.0
2021-12-21,44918.79,0.0
2021-12-22,45322.0,0.0
2021-12-23,45680.67,0.0
2021-12-27,46423.62,0.0
2021-12-28,46381.02,0.0
2021-12-29,46502.46,0.0
2021-12-30,46419.81,0.0
2021-12-31,46446.66,0.0
2022-01-03,46874.51,0.0
2022-01-04,47228.25,0.0
2022-01-05,46076.0,0.0
2022-01-06,46305.83,0.0
2022-01-07,45777.45,0.0
2022-01-10,45609.51,0.0
2022-01-11,46069.66,0.0
2022-01-12,46240.02,0.0
2022-01-13,45547.46,0.0
2022-01-14,45198.62,0.0
2022-01-18,44417.96,0.0
2022-01-19,43877.27,0.0
2022-01-20,43116.79,0.0
2022-01-21,42251.82,0.0
2022-01-24,42840.11,0.0
2022-01-25,42452.34,0.0
2022-01-26,42252.56,0.0
2022-01-27,41869.19,0.0
2022-01-28,42679.92,0.0
2022-01-31,43526.28,0.0
2022-02-01,44115.58,0.0
2022-02-02,44584.14,0.0
2022-02-03,43905.34,0.0
2022-02-04,43770.29,0.0
2022-02-07,43756.41,0.0
2022-02-08,43867.73,0.0
2022-02-09,44720.92,0.0
2022-02-10,43879.65,0.0
2022-02-11,43337.2,0.0
2022-02-14,42786.23,0.0
2022-02-15,43391.93,0.0
2022-02-16,43499.28,0.0
2022-02-17,42861.18,0.0
2022-02-18,42589.48,0.0
2022-02-22,42080.76,0.0
2022-02-23,41384.67,0.0
2022-02-24,42281.14,0.0
2022-02-25,43274.15,0.0
2022-02-28,43382.28,0.0
2022-03-01,43139.14,0.0
2022-03-02,44364.4,0.0
2022-03-03,44511.36,0.0
2022-03-04,44618.88,0.0
2022-03-07,43783.82,0.0
2022-03-08,43251.8,0.0
2022-03-09,43742.97,0.0
2022-03-10,43812.3,0.0
2022-03-11,43240.92,0.0
2022-03-14,43153.95,0.0
2022-03-15,43581.99,0.0
2022-03-16,44074.53,0.0
2022-03-17,44824.31,0.0
2022-03-18,45061.11,0.0
2022-03-21,45168.06,0.0
2022-03-22,45348.54,0.0
2022-03-23,44979.16,0.0
2022-03-24,45468.82,0.0
2022-03-25,45887.92,0.0
2022-03-28,45841.32,0.0
2022-03-29,46343.62,0.0
2022-03-30,46129.97,0.0
2022-03-31,45540.34,0.0
2022-04-01,45768.31,0.0
2022-04-04,45759.02,0.0
2022-04-05,45061.74,0.0
2022-04-06,44970.25,0.0
2022-04-07,45194.79,0.0
2022-04-08,45311.21,0.0
2022-04-11,44704.73,0.0
2022-04-12,44548.81,0.0
2022-04-13,44993.87,0.0
2022-04-14,44571.29,0.0
2022-04-18,44663.97,0.0
2022-04-19,45378.18,0.0
2022-04-20,45817.37,0.0
2022-04-21,45109.5,0.0
2022-04-22,43956.55,0.0
2022-04-25,43750.62,0.0
2022-04-26,42721.75,0.0
2022-04-27,42854.86,0.0
2022-04-28,43635.72,0.0
2022-04-29,42271.84,0.0
2022-05-02,42265.32,0.0
2022-05-03,42680.4,0.0
2022-05-04,43937.07,0.0
2022-05-05,42533.31,0.0
2022-05-06,42475.71,0.0
2022-05-09,40386.88,0.0
2022-05-10,40382.2,0.0
2022-05-11,40017.7,0.0
2022-05-12,40151.82,0.0
2022-05-13,41260.94,0.0
2022-05-16,41440.81,0.0
2022-05-17,42150.06,0.0
2022-05-18,40524.4,0.0
2022-05-19,40735.29,0.0
2022-05-20,40585.52,0.0
2022-05-23,41207.64,0.0
2022-05-24,41014.46,0.0
2022-05-25,41502.82,0.0
2022-05-26,42249.74,0.0
2022-05-27,43646.2,0.0
2022-05-31,42997.45,0.0
2022-06-01,42958.52,0.0
2022-06-02,43563.34,0.0
2022-06-03,43033.51,0.0
2022-06-06,43165.26,0.0
2022-06-07,44051.37,0.0
2022-06-08,43399.11,0.0
2022-06-09,42177.37,0.0
2022-06-10,41359.31,0.0
2022-06-13,39513.06,0.0
2022-06-14,39099.93,0.0
2022-06-15,39262.15,0.0
2022-06-16,37864.57,0.0
2022-06-17,37710.25,0.0
2022-06-21,38871.95,0.0
2022-06-22,38715.54,0.0
2022-06-23,38855.57,0.0
2022-06-24,39464.01,0.0
2022-06-27,39841.78,0.0
2022-06-28,39539.64,0.0
2022-06-29,39359.11,0.0
2022-06-30,39255.97,0.0
2022-07-01,39727.05,0.0
2022-07-05,38755.18,0.0
2022-07-06,38870.17,0.0
2022-07-07,39529.11,0.0
2022-07-08,39432.27,0.0
2022-07-11,39325.16,0.0
2022-07-12,39044.74,0.0
2022-07-13,38938.85,0.0
2022-07-14,38595.41,0.0
2022-07-15,39276.62,0.0
2022-07-18,39173.71,0.0
2022-07-19,39945.51,0.0
2022-07-20,40034.82,0.0
2022-07-21,40332.45,0.0
2022-07-22,40173.55,0.0
2022-07-25,41129.6,0.0
2022-07-26,41099.62,0.0
2022-07-27,41488.52,0.0
2022-07-28,41979.96,0.0
2022-07-29,42533.69,0.0
2022-08-01,42458.65,0.0
2022-08-02,42281.07,0.0
2022-08-03,42269.06,0.0
2022-08-04,41926.55,0.0
2022-08-05,42099.74,0.0
2022-08-08,42254.3,0.0
2022-08-09,42460.75,0.0
2022-08-10,42899.23,0.0
2022-08-11,43421.82,0.0
2022-08-12,43960.31,0.0
2022-08-15,44031.31,0.0
2022-08-16,44261.7,0.0
2022-08-17,44206.57,0.0
2022-08-18,44685.08,0.0
2022-08-19,44357.66,0.0
2022-08-22,43715.08,0.0
2022-08-23,43836.34,0.0
2022-08-24,44245.92,0.0
2022-08-25,44869.88,0.0
2022-08-26,43838.03,0.0
2022-08-29,43864.67,0.0
2022-08-30,42895.26,0.0
2022-08-31,42772.85,0.0
2022-09-01,42552.89,0.0
2022-09-02,42655.72,0.0
2022-09-06,42422.14,0.0
2022-09-07,42923.29,0.0
2022-09-08,43279.35,0.0
2022-09-09,43961.66,0.0
2022-09-12,44235.96,0.0
2022-09-13,42776.45,0.0
2022-09-14,43142.79,0.0
2022-09-15,42741.99,0.0
2022-09-16,42254.35,0.0
2022-09-19,42583.46,0.0
2022-09-20,42167.42,0.0
2022-09-21,41415.24,0.0
2022-09-22,41171.81,0.0
2022-09-23,39864.69,0.0
2022-09-26,39094.04,0.0
2022-09-27,39349.09,0.0
2022-09-28,40297.58,0.0
2022-09-29,39580.12,0.0
2022-09-30,39359.86,0.0
2022-10-03,40505.46,0.0
2022-10-04,41708.01,0.0
2022-10-05,41604.93,0.0
2022-10-06,41092.55,0.0
2022-10-07,40345.29,0.0
2022-10-10,40241.85,0.0
2022-10-11,40469.02,0.0
2022-10-12,40000.7,0.0
2022-10-13,41177.82,0.0
2022-10-14,40217.93,0.0
2022-10-17,40971.72,0.0
2022-10-18,41491.5,0.0
2022-10-19,41477.25,0.0
2022-10-20,41267.05,0.0
2022-10-21,42563.32,0.0
2022-10-24,42897.45,0.0
2022-10-25,43155.12,0.0
2022-10-26,43358.46,0.0
2022-10-27,43500.86,0.0
2022-10-28,44336.15,0.0
2022-10-31,44451.9,0.0
2022-11-01,44852.63,0.0
2022-11-02,44470.74,0.0
2022-11-03,44710.65,0.0
2022-11-04,44937.32,0.0
2022-11-07,45258.62,0.0
2022-11-08,45577.43,0.0
2022-11-09,44639.79,0.0
2022-11-10,45806.47,0.0
2022-11-11,45493.78,0.0
2022-11-14,45181.66,0.0
2022-11-15,45671.06,0.0
2022-11-16,45468.09,0.0
2022-11-17,45591.09,0.0
2022-11-18,46208.6,0.0
2022-11-21,45992.03,0.0
2022-11-22,46960.51,0.0
2022-11-23,46879.49,0.0
2022-11-25,47095.86,0.0
2022-11-28,46644.73,0.0
2022-11-29,46683.88,0.0
2022-11-30,47373.28,0.0
2022-12-01,47341.73,0.0
2022-12-02,47337.2,0.0
2022-12-05,46411.82,0.0
2022-12-06,46315.12,0.0
2022-12-07,46249.28,0.0
2022-12-08,46143.18,0.0
2022-12-09,45560.98,0.0
2022-12-12,46508.78,0.0
2022-12-13,46544.54,0.0
2022-12-14,46480.26,0.0
2022-12-15,45584.02,0.0
2022-12-16,45174.08,0.0
2022-12-19,44797.76,0.0
2022-12-20,45254.22,0.0
2022-12-21,45804.55,0.0
2022-12-22,45220.79,0.0
2022-12-23,45712.93,0.0
2022-12-27,45828.82,0.0
2022-12-28,45051.87,0.0
2022-12-29,45337.39,0.0
2022-12-30,45159.38,0.0
2023-01-03,44344.88,0.0
2023-01-04,44605.41,0.0
2023-01-05,44625.09,0.0
2023-01-06,46011.57,0.0
2023-01-09,46161.22,0.0
2023-01-10,46453.62,0.0
2023-01-11,46787.16,0.0
2023-01-12,47114.76,0.0
2023-01-13,47147.17,0.0
2023-01-17,47151.25,0.0
2023-01-18,46200.15,0.0
2023-01-19,45853.45,0.0
2023-01-20,46218.68,0.0
2023-01-23,46355.47,0.0
2023-01-24,46684.29,0.0
2023-01-25,46716.24,0.0
2023-01-26,47289.09,0.0
2023-01-27,46838.81,0.0
2023-01-30,46558.44,0.0
2023-01-31,47072.59,0.0
2023-02-01,47220.96,0.0
2023-02-02,46921.51,0.0
2023-02-03,47078.44,0.0
2023-02-06,46883.02,0.0
2023-02-07,47315.27,0.0
2023-02-08,47038.97,0.0
2023-02-09,46705.35,0.0
2023-02-10,47414.79,0.0
2023-02-13,47675.34,0.0
2023-02-14,47673.32,0.0
2023-02-15,47636.03,0.0
2023-02-16,47442.5,0.0
2023-02-17,47171.56,0.0
2023-02-21,46597.58,0.0
2023-02-22,46501.21,0.0
2023-02-23,46761.29,0.0
2023-02-24,46710.98,0.0
2023-02-27,46947.59,0.0
2023-02-28,46513.27,0.0
2023-03-01,46924.15,0.0
2023-03-02,47170.83,0.0
2023-03-03,47732.95,0.0
2023-03-06,47514.07,0.0
2023-03-07,46964.88,0.0
2023-03-08,46965.74,0.0
2023-03-09,46072.05,0.0
2023-03-10,45108.81,0.0
2023-03-13,44405.14,0.0
2023-03-14,44967.51,0.0
2023-03-15,43729.08,0.0
2023-03-16,44412.55,0.0
2023-03-17,43621.57,0.0
2023-03-20,44397.2,0.0
2023-03-21,45300.29,0.0
2023-03-22,44563.58,0.0
2023-03-23,44383.17,0.0
2023-03-24,44406.43,0.0
2023-03-27,44877.03,0.0
2023-03-28,45091.31,0.0
2023-03-29,45501.7,0.0
2023-03-30,45584.61,0.0
2023-03-31,46363.71,0.0
2023-04-03,46905.26,0.0
2023-04-04,45635.74,0.0
2023-04-05,45382.75,0.0
2023-04-06,45003.97,0.0
2023-04-10,45662.39,0.0
2023-04-11,45832.44,0.0
2023-04-12,45703.25,0.0
2023-04-13,45884.48,0.0
2023-04-14,45966.63,0.0
2023-04-17,46097.64,0.0
2023-04-18,46226.65,0.0
2023-04-19,45944.01,0.0
2023-04-20,46213.47,0.0
2023-04-21,46142.69,0.0
2023-04-24,46197.57,0.0
2023-04-25,45431.14,0.0
2023-04-26,45306.15,0.0
2023-04-27,45965.24,0.0
2023-04-28,46554.3,0.0
2023-05-01,46609.39,0.0
2023-05-02,46141.43,0.0
2023-05-03,46150.85,0.0
2023-05-04,45530.07,0.0
2023-05-05,46224.34,0.0
2023-05-08,46169.94,0.0
2023-05-09,46142.14,0.0
2023-05-10,46163.74,0.0
2023-05-11,45877.51,0.0
2023-05-12,45822.97,0.0
2023-05-15,46031.08,0.0
2023-05-16,45513.79,0.0
2023-05-17,46055.07,0.0
2023-05-18,46837.63,0.0
2023-05-19,46595.71,0.0
2023-05-22,46341.43,0.0
2023-05-23,45654.05,0.0
2023-05-24,45537.08,0.0
2023-05-25,46464.95,0.0
2023-05-26,46598.95,0.0
2023-05-30,46747.54,0.0
2023-05-31,45998.12,0.0
2023-06-01,46297.42,0.0
2023-06-02,47382.24,0.0
2023-06-05,47370.02,0.0
2023-06-06,47618.83,0.0
2023-06-07,47651.95,0.0
2023-06-08,48123.95,0.0
2023-06-09,48443.39,0.0
2023-06-12,48777.59,0.0
2023-06-13,49219.35,0.0
2023-06-14,49302.69,0.0
2023-06-15,50002.55,0.0
2023-06-16,49649.19,0.0
2023-06-20,49466.57,0.0
2023-06-21,49606.31,0.0
2023-06-22,49756.4,0.0
2023-06-23,49571.57,0.0
2023-06-26,49812.49,0.0
2023-06-27,50387.48,0.0
2023-06-28,50308.41,0.0
2023-06-29,50573.33,0.0
2023-06-30,51250.05,0.0
2023-07-03,51222.2,0.0
2023-07-05,50862.69,0.0
2023-07-06,50154.54,0.0
2023-07-07,50437.7,0.0
2023-07-10,51285.09,0.0
2023-07-11,51761.38,0.0
2023-07-12,51836.38,0.0
2023-07-13,52234.12,0.0
2023-07-14,52112.37,0.0
2023-07-17,52323.25,0.0
2023-07-18,52850.09,0.0
2023-07-19,52490.5,0.0
2023-07-20,52006.55,0.0
2023-07-21,52023.45,0.0
2023-07-24,51953.12,0.0
2023-07-25,52202.71,0.0
2023-07-26,52058.07,0.0
2023-07-27,51905.47,0.0
2023-07-28,52563.92,0.0
2023-07-31,52927.01,0.0
2023-08-01,52820.89,0.0
2023-08-02,52721.7,0.0
2023-08-03,52656.52,0.0
2023-08-04,52776.63,0.0
2023-08-07,53548.9,0.0
2023-08-08,53253.4,0.0
2023-08-09,52000.1,0.0
2023-08-10,52091.04,0.0
2023-08-11,51559.26,0.0
2023-08-14,52073.84,0.0
2023-08-15,51586.37,0.0
2023-08-16,51172.08,0.0
2023-08-17,50324.56,0.0
2023-08-18,50711.89,0.0
2023-08-21,50983.17,0.0
2023-08-22,50903.4,0.0
2023-08-23,51707.6,0.0
2023-08-24,50848.26,0.0
2023-08-25,51317.46,0.0
2023-08-28,51771.08,0.0
2023-08-29,52710.63,0.0
2023-08-30,52944.91,0.0
2023-08-31,52706.41,0.0
2023-09-01,53255.01,0.0
2023-09-05,52390.5,0.0
2023-09-06,52286.77,0.0
2023-09-07,52202.6,0.0
2023-09-08,52224.07,0.0
2023-09-11,52544.09,0.0
2023-09-12,52173.08,0.0
2023-09-13,51703.4,0.0
2023-09-14,52224.49,0.0
2023-09-15,51446.66,0.0
2023-09-18,51333.99,0.0
2023-09-19,51378.94,0.0
2023-09-20,50775.29,0.0
2023-09-21,49335.39,0.0
2023-09-22,49271.63,0.0
2023-09-25,49546.22,0.0
2023-09-26,48896.93,0.0
2023-09-27,49385.37,0.0
2023-09-28,49817.03,0.0
2023-09-29,49740.65,0.0
2023-10-02,49824.92,0.0
2023-10-03,48748.67,0.0
2023-10-04,49029.8,0.0
2023-10-05,49066.4,0.0
2023-10-06,49902.59,0.0
2023-10-09,50244.11,0.0
2023-10-10,50771.34,0.0
2023-10-11,50967.93,0.0
2023-10-12,50277.56,0.0
2023-10-13,49412.76,0.0
2023-10-16,50091.14,0.0
2023-10-17,50571.75,0.0
2023-10-18,49097.71,0.0
2023-10-19,48426.96,0.0
2023-10-20,47667.07,0.0
2023-10-23,47905.42,0.0
2023-10-24,48447.8,0.0
2023-10-25,47473.88,0.0
2023-10-26,47135.69,0.0
2023-10-27,47134.21,0.0
2023-10-30,47873.6,0.0
2023-10-31,48185.22,0.0
2023-11-01,48697.16,0.0
2023-11-02,49940.11,0.0
2023-11-03,50984.96,0.0
2023-11-06,50859.14,0.0
2023-11-07,51081.15,0.0
2023-11-08,51407.93,0.0
2023-11-09,51368.93,0.0
2023-11-10,51665.84,0.0
2023-11-13,51709.9,0.0
2023-11-14,53349.36,0.0
2023-11-15,53097.12,0.0
2023-11-16,53006.29,0.0
2023-11-17,53326.48,0.0
2023-11-20,53879.36,0.0
2023-11-21,53462.12,0.0
2023-11-22,53622.79,0.0
2023-11-24,53702.09,0.0
2023-11-27,53964.81,0.0
2023-11-28,53479.46,0.0
2023-11-29,54024.25,0.0
2023-11-30,54434.13,0.0
2023-12-01,55085.67,0.0
2023-12-04,54870.79,0.0
2023-12-05,54487.92,0.0
2023-12-06,54290.82,0.0
2023-12-07,54701.29,0.0
2023-12-08,55384.79,0.0
2023-12-11,55778.66,0.0
2023-12-12,56288.0,0.0
2023-12-13,57100.14,0.0
2023-12-14,57339.45,0.0
2023-12-15,57372.71,0.0
2023-12-18,57562.75,0.0
2023-12-19,57934.19,0.0
2023-12-20,56778.34,0.0
2023-12-21,57773.33,0.0
2023-12-22,57447.83,0.0
2023-12-26,57719.36,0.0
2023-12-27,57846.09,0.0
2023-12-28,57859.77,0.0
2023-12-29,57387.78,0.0
2024-01-02,56178.85,0.0
2024-01-03,55285.22,0.0
2024-01-04,55382.8,0.0
2024-01-05,55474.54,0.0
2024-01-08,56787.61,0.0
2024-01-09,57023.13,0.0
2024-01-10,57439.63,0.0
2024-01-11,57700.14,0.0
2024-01-12,57558.9,0.0
2024-01-16,57573.03,0.0
2024-01-17,57255.63,0.0
2024-01-18,57851.4,0.0
2024-01-19,59768.38,0.0
2024-01-22,60400.31,0.0
2024-01-23,60738.68,0.0
2024-01-24,60609.56,0.0
2024-01-25,61064.52,0.0
2024-01-26,60761.53,0.0
2024-01-29,61819.55,0.0
2024-01-30,61993.47,0.0
2024-01-31,61325.14,0.0
2024-02-01,62925.23,0.0
2024-02-02,63807.4,0.0
2024-02-05,63856.82,0.0
2024-02-06,63995.51,0.0
2024-02-07,64739.92,0.0
2024-02-08,65255.26,0.0
2024-02-09,65640.02,0.0
2024-02-12,65271.4,0.0
2024-02-13,64824.73,0.0
2024-02-14,66754.82,0.0
2024-02-15,67377.49,0.0
2024-02-16,66540.06,0.0
2024-02-20,65799.13,0.0
2024-02-21,65132.75,0.0
2024-02-22,68127.01,0.0
2024-02-23,67490.13,0.0
2024-02-26,68009.29,0.0
2024-02-27,68114.4,0.0
2024-02-28,67939.3,0.0
2024-02-29,68792.36,0.0
2024-03-01,69567.58,0.0
2024-03-04,70196.8,0.0
2024-03-05,69151.53,0.0
2024-03-06,69566.77,0.0
2024-03-07,70124.0,0.0
2024-03-08,69379.02,0.0
2024-03-11,68703.73,0.0
2024-03-12,70089.2,0.0
2024-03-13,70585.76,0.0
2024-03-14,70180.66,0.0
2024-03-15,69343.82,0.0
2024-03-18,69609.05,0.0
2024-03-19,70042.66,0.0
2024-03-20,71050.33,0.0
2024-03-21,72747.67,0.0
2024-03-22,72647.84,0.0
2024-03-25,72605.74,0.0
2024-03-26,72722.0,0.0
2024-03-27,72808.71,0.0
2024-03-28,72891.45,0.0
2024-04-01,72963.91,0.0
2024-04-02,72045.78,0.0
2024-04-03,72890.26,0.0
2024-04-04,71146.15,0.0
2024-04-05,72498.66,0.0
2024-04-08,72199.41,0.0
2024-04-09,71401.1,0.0
2024-04-10,70616.94,0.0
2024-04-11,71102.76,0.0
2024-04-12,69762.5,0.0
2024-04-15,68305.77,0.0
2024-04-16,68490.5,0.0
2024-04-17,68166.6,0.0
2024-04-18,67395.77,0.0
2024-04-19,65795.94,0.0
2024-04-22,66485.59,0.0
2024-04-23,68061.14,0.0
2024-04-24,68120.5,0.0
2024-04-25,68555.45,0.0
2024-04-26,69352.59,0.0
2024-04-29,69724.89,0.0
2024-04-30,68635.75,0.0
2024-05-01,67900.71,0.0
2024-05-02,68787.66,0.0
2024-05-03,69894.72,0.0
2024-05-06,71220.6,0.0
2024-05-07,69813.94,0.0
2024-05-08,70258.64,0.0
2024-05-09,71087.86,0.0
2024-05-10,70969.39,0.0
2024-05-13,70820.72,0.0
2024-05-14,71432.32,0.0
2024-05-15,73439.95,0.0
2024-05-16,71965.73,0.0
2024-05-17,71867.85,0.0
2024-05-20,72323.6,0.0
2024-05-21,72326.83,0.0
2024-05-22,71526.65,0.0
2024-05-23,70976.18,0.0
2024-05-24,71901.3,0.0
2024-05-28,71654.21,0.0
2024-05-29,70759.0,0.0
2024-05-30,69643.09,0.0
2024-05-31,69767.45,0.0
2024-06-03,66422.43,0.0
2024-06-04,65762.84,0.0
2024-06-05,66957.03,0.0
2024-06-06,66123.48,0.0
2024-06-07,66040.08,0.0
2024-06-10,66713.44,0.0
2024-06-11,66341.91,0.0
2024-06-12,67281.59,0.0
2024-06-13,67771.64,0.0
2024-06-14,66466.49,0.0
2024-06-17,67281.82,0.0
2024-06-18,68399.9,0.0
2024-06-20,67781.23,0.0
2024-06-21,67572.57,0.0
2024-06-24,67830.69,0.0
2024-06-25,67825.6,0.0
2024-06-26,67103.43,0.0
2024-06-27,67354.95,0.0
2024-06-28,67614.34,0.0
2024-07-01,67249.97,0.0
2024-07-02,67800.94,0.0
2024-07-03,68382.97,0.0
2024-07-05,67868.98,0.0
2024-07-08,68532.03,0.0
2024-07-09,68341.49,0.0
2024-07-10,69134.7,0.0
2024-07-11,69517.42,0.0
2024-07-12,69932.51,0.0
2024-07-15,69960.43,0.0
2024-07-16,70909.73,0.0
2024-07-17,68357.15,0.0
2024-07-18,67804.83,0.0
2024-07-19,67562.01,0.0
2024-07-22,68818.08,0.0
2024-07-23,69223.27,0.0
2024-07-24,66835.91,0.0
2024-07-25,66057.54,0.0
2024-07-26,66856.68,0.0
2024-07-29,66562.69,0.0
2024-07-30,65943.04,0.0
2024-07-31,67498.91,0.0
2024-08-01,65166.87,0.0
2024-08-02,62355.94,0.0
2024-08-05,61188.23,0.0
2024-08-06,62737.7,0.0
2024-08-07,61657.78,0.0
2024-08-08,63693.67,0.0
2024-08-09,63926.08,0.0
2024-08-12,63972.81,0.0
2024-08-13,64969.75,0.0
2024-08-14,65342.7,0.0
2024-08-15,66678.66,0.0
2024-08-16,66424.68,0.0
2024-08-19,67392.42,0.0
2024-08-20,66764.05,0.0
2024-08-21,67350.49,0.0
2024-08-22,66788.17,0.0
2024-08-23,68085.6,0.0
2024-08-26,67421.07,0.0
2024-08-27,67472.9,0.0
2024-08-28,66891.53,0.0
2024-08-29,67245.81,0.0
2024-08-30,68061.61,0.0
2024-09-03,65820.9,0.0
2024-09-04,65929.39,0.0
2024-09-05,65435.94,0.0
2024-09-06,64085.42,0.0
2024-09-09,65102.78,0.0
2024-09-10,65088.3,0.0
2024-09-11,66039.18,0.0
2024-09-12,66493.32,0.0
2024-09-13,67668.74,0.0
2024-09-16,68257.37,0.0
2024-09-17,68720.89,0.0
2024-09-18,68523.43,0.0
2024-09-19,69816.27,0.0
2024-09-20,70751.47,0.0
2024-09-23,71365.71,0.0
2024-09-24,71462.57,0.0
2024-09-25,71644.39,0.0
2024-09-26,71437.22,0.0
2024-09-27,71421.86,0.0
2024-09-30,71662.94,0.0
2024-10-01,71161.43,0.0
2024-10-02,71673.39,0.0
2024-10-03,71544.11,0.0
2024-10-04,72453.1,0.0
2024-10-07,72709.24,0.0
2024-10-08,72842.66,0.0
2024-10-09,73699.6,0.0
2024-10-10,73132.4,0.0
2024-10-11,74835.33,0.0
2024-10-14,75529.73,0.0
2024-10-15,75174.69,0.0
2024-10-16,76117.14,0.0
2024-10-17,75360.84,0.0
2024-10-18,75596.53,0.0
2024-10-21,75089.96,0.0
2024-10-22,74874.02,0.0
2024-10-23,74216.08,0.0
2024-10-24,74516.21,0.0
2024-10-25,73760.75,0.0
2024-10-28,74151.07,0.0
2024-10-29,74402.09,0.0
2024-10-30,72788.65,0.0
2024-10-31,71271.62,0.0
2024-11-01,70418.19,0.0
2024-11-04,70658.83,0.0
2024-11-05,72491.27,0.0
2024-11-06,74372.85,0.0
2024-11-07,74924.51,0.0
2024-11-08,75522.11,0.0
2024-11-11,75875.46,0.0
2024-11-12,74811.42,0.0
2024-11-13,74519.7,0.0
2024-11-14,73501.11,0.0
2024-11-15,73502.81,0.0
2024-11-18,73986.76,0.0
2024-11-19,76149.09,0.0
2024-11-20,76835.04,0.0
2024-11-21,78417.79,0.0
2024-11-22,79181.04,0.0
2024-11-25,80100.95,0.0
2024-11-26,80229.54,0.0
2024-11-27,79411.38,0.0
2024-11-29,79703.76,0.0
2024-12-02,80691.4,0.0
2024-12-03,80760.73,0.0
2024-12-04,81040.39,0.0
2024-12-05,80908.46,0.0
2024-12-06,81179.53,0.0
2024-12-09,79184.5,0.0
2024-12-10,77979.46,0.0
2024-12-11,78095.61,0.0
2024-12-12,77538.24,0.0
2024-12-13,77092.65,0.0
2024-12-16,76848.6,0.0
2024-12-17,75958.35,0.0
2024-12-18,73032.78,0.0
2024-12-19,72980.09,0.0
2024-12-20,74186.75,0.0
2024-12-23,74107.32,0.0
2024-12-24,75181.85,0.0
2024-12-26,75015.41,0.0
2024-12-27,73878.45,0.0
2024-12-30,73163.69,0.0
2024-12-31,72904.58,0.0
2025-01-02,73332.43,0.0
2025-01-03,74774.59,0.0
2025-01-06,75378.12,0.0
2025-01-07,74907.83,0.0
2025-01-08,75340.95,0.0
2025-01-10,74947.35,0.0
2025-01-13,74928.08,0.0
2025-01-14,76358.11,0.0
2025-01-15,77388.12,0.0
2025-01-16,78072.76,0.0
2025-01-17,78923.17,0.0
2025-01-21,80718.27,0.0
2025-01-22,80378.15,0.0
2025-01-23,80802.31,0.0
2025-01-24,80604.57,0.0
2025-01-27,76790.95,0.0
2025-01-28,77949.29,0.0
2025-01-29,78569.8,0.0
2025-01-30,79693.2,0.0
2025-01-31,78629.97,0.0
2025-02-03,78440.78,0.0
2025-02-04,78565.62,0.0
2025-02-05,79682.06,0.0
2025-02-06,79474.85,0.0
2025-02-07,79050.19,0.0
2025-02-10,79443.7,0.0
2025-02-11,78703.53,0.0
2025-02-12,77654.17,0.0
2025-02-13,76957.04,0.0
2025-02-14,77128.11,0.0
2025-02-18,77728.93,0.0
2025-02-19,77698.69,0.0
2025-02-20,75972.17,0.0
2025-02-21,73009.34,0.0
2025-02-24,72439.2,0.0
2025-02-25,71878.64,0.0
2025-02-26,72822.2,0.0
2025-02-27,71002.7,0.0
2025-02-28,72574.79,0.0
2025-03-03,70427.98,0.0
2025-03-04,68915.23,0.0
2025-03-05,69680.17,0.0
2025-03-06,66880.63,0.0
2025-03-07,66820.42,0.0
2025-03-10,63953.6,0.0
2025-03-11,64275.84,0.0
2025-03-12,65228.99,0.0
2025-03-13,63415.14,0.0
2025-03-14,65170.65,0.0
2025-03-17,66325.18,0.0
2025-03-18,65155.21,0.0
2025-03-19,66622.94,0.0
2025-03-20,66525.07,0.0
2025-03-21,66360.03,0.0
2025-03-24,68901.27,0.0
2025-03-25,68801.56,0.0
2025-03-26,67335.35,0.0
2025-03-27,66238.58,0.0
2025-03-28,64984.87,0.0
2025-03-31,65074.5,0.0
2025-04-01,65966.01,0.0
2025-04-02,67076.26,0.0
2025-04-03,62683.52,0.0
2025-04-04,58138.44,0.0
2025-04-07,58491.22,0.0
2025-04-08,57475.97,0.0
2025-04-09,63115.16,0.0
2025-04-10,60559.17,0.0
2025-04-11,61298.29,0.0
2025-04-14,62035.49,0.0
2025-04-15,62708.75,0.0
2025-04-16,61940.81,0.0
2025-04-17,62522.1,0.0
2025-04-21,60761.96,0.0
2025-04-22,62660.63,0.0
2025-04-23,63810.83,0.0
2025-04-24,64647.85,0.0
2025-04-25,64503.97,0.0
2025-04-28,65094.31,0.0
2025-04-29,65702.44,0.0
2025-04-30,65496.4,0.0
2025-05-01,65431.94,0.0
2025-05-02,67081.4,0.0
2025-05-05,66858.57,0.0
2025-05-06,66397.33,0.0
2025-05-07,66980.37,0.0
2025-05-08,68285.43,0.0
2025-05-09,67882.67,0.0
2025-05-12,69049.23,0.0
2025-05-13,70697.8,0.0
2025-05-14,70780.92,0.0
2025-05-15,71140.78,0.0
2025-05-16,71727.16,0.0
2025-05-19,72449.36,0.0
2025-05-20,72043.56,0.0
2025-05-21,70507.43,0.0
2025-05-22,70223.73,0.0
2025-05-23,70463.92,0.0
2025-05-27,71508.53,0.0
2025-05-28,71740.55,0.0
2025-05-29,71188.16,0.0
2025-05-30,72060.7,0.0
2025-06-02,72788.39,0.0
2025-06-03,73296.69,0.0
2025-06-04,73344.75,0.0
2025-06-05,72801.74,0.0
2025-06-06,73675.54,0.0
2025-06-09,73087.1,0.0
2025-06-10,72780.24,0.0
2025-06-11,73578.35,0.0
2025-06-12,73263.87,0.0
2025-06-13,72618.17,0.0
2025-06-16,73427.77,0.0
2025-06-17,72722.76,0.0
2025-06-18,72845.8,0.0
2025-06-20,72952.54,0.0
2025-06-23,74141.77,0.0
2025-06-24,75271.09,0.0
2025-06-25,74231.26,0.0
2025-06-26,74736.22,0.0
2025-06-27,74977.57,0.0
2025-06-30,76557.12,0.0
2025-07-01,74971.37,0.0
2025-07-02,75552.96,0.0
2025-07-03,76635.66,0.0
2025-07-07,76903.32,0.0
2025-07-08,76119.71,0.0
2025-07-09,77135.96,0.0
2025-07-10,77183.53,0.0
2025-07-11,76545.77,0.0
2025-07-14,78207.45,0.0
2025-07-15,77697.09,0.0
2025-07-16,78017.63,0.0
2025-07-17,78711.82,0.0
2025-07-18,79777.01,0.0
2025-07-21,79406.0,0.0
2025-07-22,78158.32,0.0
2025-07-23,79860.05,0.0
2025-07-24,79185.71,0.0
2025-07-25,80229.16,0.0
2025-07-28,80665.22,0.0
2025-07-29,80111.2,0.0
2025-07-30,81103.0,0.0
2025-07-31,81513.77,0.0
2025-08-01,80067.27,0.0
2025-08-04,81939.27,0.0
2025-08-05,81669.28,0.0
2025-08-06,82011.04,0.0
2025-08-07,81906.84,0.0
2025-08-08,82259.49,0.0
2025-08-11,81895.94,0.0
2025-08-12,83727.92,0.0
2025-08-13,82344.07,0.0
2025-08-14,80810.19,0.0
2025-08-15,81007.8,0.0
2025-08-18,81894.64,0.0
2025-08-19,79389.3,0.0
2025-08-20,78943.22,0.0
2025-08-21,78736.87,0.0
2025-08-22,80295.61,0.0
2025-08-25,80277.63,0.0
2025-08-26,81598.86,0.0
2025-08-27,81207.14,0.0
2025-08-28,82846.56,0.0
2025-08-29,81385.5,0.0
2025-09-02,80720.15,0.0
2025-09-03,80979.21,0.0
2025-09-04,82342.96,0.0
2025-09-05,82124.25,0.0
2025-09-08,84082.2,0.0
2025-09-09,84870.04,0.0
2025-09-10,88749.37,0.0
2025-09-11,88364.14,0.0
2025-09-12,88218.58,0.0
2025-09-15,89152.86,0.0
2025-09-16,88983.81,0.0
2025-09-17,88402.5,0.0
2025-09-18,90398.6,0.0
2025-09-19,91403.02,0.0
2025-09-22,91934.59,0.0
2025-09-23,91285.69,0.0
2025-09-24,89410.06,0.0
2025-09-25,88029.91,0.0
2025-09-26,88819.69,0.0
2025-09-29,90416.68,0.0
2025-09-30,90888.3,0.0
2025-10-01,91171.18,0.0
2025-10-02,92055.57,0.0
2025-10-03,90705.8,0.0
2025-10-06,90544.9,0.0
2025-10-07,90465.32,0.0
2025-10-08,91948.25,0.0
2025-10-09,91651.55,0.0
2025-10-10,87422.7,0.0
2025-10-13,90007.4,0.0
2025-10-14,89837.95,0.0
2025-10-15,89576.35,0.0
2025-10-16,88499.19,0.0
2025-10-17,88274.84,0.0
2025-10-20,88971.19,0.0
2025-10-21,89193.07,0.0
2025-10-22,86648.76,0.0
2025-10-23,88588.27,0.0
2025-10-24,91310.16,0.0
2025-10-27,92705.6,0.0
2025-10-28,91965.36,0.0
2025-10-29,92952.69,0.0
2025-10-30,90377.94,0.0
2025-10-31,91644.35,0.0
2025-11-03,91486.85,0.0
2025-11-04,88097.73,0.0
2025-11-05,91561.74,0.0
2025-11-06,89799.43,0.0
2025-11-07,90768.53,0.0
2025-11-10,93896.4,0.0
2025-11-11,91917.18,0.0
2025-11-12,91919.48,0.0
2025-11-13,87250.23,0.0
2025-11-14,87306.26,0.0
2025-11-17,86624.35,0.0
2025-11-18,86149.99,0.0
2025-11-19,87784.49,0.0
2025-11-20,82865.14,0.0
2025-11-21,83770.74,0.0
2025-11-24,88633.98,0.0
2025-11-25,89022.87,0.0
2025-11-26,91820.59,0.0
2025-11-28,93279.16,0.0
2025-12-01,92002.85,0.0
2025-12-02,92261.63,0.0
2025-12-03,92435.71,0.0
2025-12-04,93773.33,0.0
2025-12-05,95660.52,0.0
2025-12-08,97713.37,0.0
2025-12-09,99269.16,0.0
2025-12-10,101903.87,0.0
2025-12-11,102905.43,0.0
2025-12-12,97872.9,0.0
2025-12-15,97391.98,0.0
2025-12-16,96918.97,0.0
2025-12-17,93854.82,0.0
2025-12-18,96893.28,0.0
2025-12-19,100283.91,0.0
2025-12-22,101856.93,0.0
2025-12-23,102086.94,0.0
2025-12-24,102703.93,0.0
2025-12-26,102318.66,0.0
2025-12-29,101270.46,0.0
2025-12-30,100806.8,0.0
2025-12-31,99282.15,0.0
2026-01-02,102381.86,0.0
2026-01-05,103412.31,0.0
2026-01-06,107815.92,0.0
2026-01-07,106284.51,0.0
2026-01-08,102725.95,0.0
2026-01-09,106811.25,0.0
2026-01-12,108370.9,0.0
2026-01-13,109769.83,0.0
2026-01-14,108451.23,0.0
2026-01-15,109820.03,0.0
2026-01-16,109131.44,0.0
2026-01-20,109224.79,0.0
2026-01-21,111657.17,0.0
2026-01-22,111844.6,0.0
2026-01-23,110229.41,0.0
2026-01-26,110322.51,0.0
2026-01-27,113239.75,0.0
2026-01-28,115186.99,0.0
2026-01-29,114804.66,0.0
2026-01-30,108852.85,0.0
2026-02-02,111432.3,0.0
2026-02-03,112718.02,0.0
2026-02-04,105809.52,0.0
2026-02-05,103636.54,0.0
2026-02-06,110595.64,0.0
2026-02-09,114323.61,0.0
2026-02-10,112265.74,0.0
2026-02-11,113096.96,0.0
2026-02-12,111031.71,0.0
2026-02-13,112931.06,0.0
2026-02-17,112655.95,0.0
2026-02-18,114174.73,0.0
2026-02-19,115134.7,0.0
2026-02-20,117086.19,0.0
2026-02-23,116104.3,0.0
2026-02-24,117800.05,0.0
2026-02-25,120903.9,0.0
2026-02-26,118485.41,0.0
2026-02-27,118932.65,0.0
2026-03-02,121046.38,0.0
2026-03-03,114172.51,0.0
2026-03-04,116524.95,0.0
2026-03-05,112713.45,0.0
2026-03-06,107306.34,0.0
2026-03-09,113090.08,0.0
2026-03-10,114916.68,0.0
2026-03-11,115572.04,0.0
2026-03-12,111928.34,0.0
2026-03-13,112531.03,0.0
2026-03-16,116034.59,0.0
2026-03-17,118317.31,0.0
2026-03-18,118194.74,0.0
2026-03-19,120653.68,0.0
2026-03-20,115194.46,0.0
2026-03-23,116931.4,0.0
2026-03-24,120048.07,0.0
2026-03-25,120737.14,0.0
2026-03-26,112205.39,0.0
2026-03-27,112873.97,0.0
2026-03-30,107239.26,0.0
2026-03-31,113597.63,0.0
2026-04-01,118920.25,0.0
2026-04-02,120461.71,0.0
2026-04-06,120638.6,0.0
2026-04-07,121964.46,0.0
2026-04-08,130556.65,0.0
2026-04-09,132881.75,0.0
2026-04-10,135024.74,0.0
2026-04-13,136468.62,0.0
2026-04-14,138362.12,0.0
2026-04-15,135811.9,0.0
2026-04-16,137888.82,0.0
2026-04-17,140083.09,0.0
2026-04-20,139767.66,0.0
2026-04-21,138812.59,0.0
2026-04-22,142438.2,0.0
2026-04-23,142961.66,0.0
2026-04-24,145510.17,0.0
2026-04-27,145124.14,0.0
2026-04-28,138724.96,0.0
2026-04-29,139576.9,0.0
2026-04-30,145871.38,0.0
2026-05-01,147758.24,0.0
2026-05-04,149526.96,0.0
2026-05-05,154722.61,0.0
2026-05-06,158480.39,0.0
2026-05-07,152676.11,0.0
2026-05-08,157960.86,0.0
2026-05-11,165841.06,0.0
2026-05-12,162102.97,0.0
2026-05-13,164448.29,0.0
2026-05-14,163832.51,0.0
2026-05-15,159493.52,0.0
2026-05-18,152904.37,0.0
2026-05-19,152497.77,0.0
2026-05-20,154971.26,0.0
2026-05-21,158869.89,0.0
2026-05-22,158698.26,0.0
2026-05-26,164375.45,0.0
2026-05-27,163532.46,0.0
2026-05-28,163072.15,0.0
2026-05-29,163053.21,0.0
2026-06-01,165144.78,0.0
2026-06-02,174795.51,0.0
2026-06-03,176345.07,0.0
2026-06-04,173854.48,0.0
2026-06-05,157555.8,0.0
2026-06-08,164037.66,0.0
2026-06-09,159190.99,0.0
2026-06-10,155520.6,0.0
2026-06-11,167147.29,0.0
2026-06-12,171289.27,0.0
2026-06-15,180230.27,0.0
2026-06-16,172708.24,0.0
2026-06-17,174514.29,0.0
2026-06-18,181234.89,0.0
2026-06-22,187907.06,0.0
2026-06-23,174097.46,0.0
2026-06-24,173895.18,0.0
2026-06-25,183380.94,0.0
2026-06-26,172696.89,0.0
2026-06-29,180640.48,0.0
2026-06-30,186338.66,0.0
2026-07-01,172571.24,0.0
2026-07-02,159058.39,0.0
2026-07-06,162014.31,0.0
2026-07-07,153324.14,0.0
2026-07-08,156170.75,0.0
2026-07-09,162916.67,0.0
2026-07-10,162036.79,0.0
2026-07-13,154582.49,0.0
2026-07-14,159181.73,0.0
2026-07-15,151588.56,0.0
2026-07-16,142073.19,0.0
2026-07-17,141408.98,0.0
2026-07-20,142710.25,0.0
2026-07-21,153828.77,0.0
2026-07-22,153486.22,0.0
2026-07-23,154167.59,0.0
2026-07-24,145262.17,0.0
2026-07-27,140621.88,0.0
2026-07-28,130667.07,0.0
2026-07-29,123370.53,0.0
2026-07-30,137844.01,0.0
2026-07-31,138519.46,0.0
2026-08-03,142477.1,0.0
