Date,Ticker,Action,Price,Shares,Portfolio Value
2020-01-02,TTD,BUY,27.15,55.258794,30000.0
2020-01-02,TER,BUY,67.88,22.097617,30000.0
2020-01-02,TGT,BUY,105.47,14.221382,30000.0
2020-01-02,TDG,BUY,471.62,3.180508,30000.0
2020-01-02,TSN,BUY,74.11,20.240335,30000.0
2020-01-02,SNPS,BUY,142.87,10.499055,30000.0
2020-01-02,VEEV,BUY,143.4,10.460251,30000.0
2020-01-02,TDY,BUY,357.49,4.195922,30000.0
2020-01-02,SYF,BUY,30.9,48.540124,30000.0
2020-01-02,STX,BUY,48.64,30.841581,30000.0
2020-01-02,NOW,BUY,58.25,25.751957,30000.0
2020-01-02,ZBRA,BUY,259.14,5.788377,30000.0
2020-01-02,SPGI,BUY,248.91,6.026252,30000.0
2020-01-02,TYL,BUY,306.24,4.898119,30000.0
2020-01-02,SMCI,BUY,2.36,634.786311,30000.0
2020-01-02,WST,BUY,149.06,10.063142,30000.0
2020-01-02,SHW,BUY,179.86,8.33989,30000.0
2020-01-02,URI,BUY,162.64,9.223099,30000.0
2020-01-02,SWKS,BUY,103.2,14.534775,30000.0
2020-01-02,SO,BUY,48.88,30.688501,30000.0
2020-02-03,NOW,SELL,68.64,25.751957,30513.25
2020-02-03,SO,SELL,55.19,30.688501,30513.25
2020-02-03,SYF,SELL,27.67,48.540124,30513.25
2020-02-03,VEEV,SELL,148.59,10.460251,30513.25
2020-02-03,URI,SELL,134.54,9.223099,30513.25
2020-02-03,TDG,SELL,542.14,0.366343,30513.25
2020-02-03,SMCI,SELL,2.87,102.454731,30513.25
2020-02-03,TYL,SELL,329.27,0.26465,30513.25
2020-02-03,TDY,SELL,369.34,0.065142,30513.25
2020-02-03,SNPS,SELL,150.26,0.345573,30513.25
2020-02-03,SPGI,SELL,264.88,0.266526,30513.25
2020-02-03,WST,SELL,155.65,0.261333,30513.25
2020-02-03,TER,BUY,66.05,1.001269,30513.25
2020-02-03,TTD,BUY,27.4,0.418246,30513.25
2020-02-03,TGT,BUY,94.13,1.986624,30513.25
2020-02-03,SWKS,BUY,97.57,1.102028,30513.25
2020-02-03,ZTS,BUY,127.02,12.011004,30513.25
2020-02-03,TSN,BUY,68.59,2.0027,30513.25
2020-02-03,ZBRA,BUY,242.55,0.501717,30513.25
2020-02-03,WDC,BUY,49.94,30.551066,30513.25
2020-02-03,VMC,BUY,136.79,11.153243,30513.25
2020-02-03,STX,BUY,46.59,1.907999,30513.25
2020-02-03,V,BUY,191.68,7.959402,30513.25
2020-02-03,SHW,BUY,180.82,0.09753,30513.25
2020-02-03,SW,BUY,27.47,55.539353,30513.25
2020-03-02,ZBRA,SELL,221.71,6.290094,28567.74
2020-03-02,VMC,SELL,119.4,11.153243,28567.74
2020-03-02,SW,SELL,25.58,55.539353,28567.74
2020-03-02,SHW,SELL,169.75,8.43742,28567.74
2020-03-02,TGT,SELL,91.76,0.641965,28567.74
2020-03-02,TDY,SELL,345.9,0.0013,28567.74
2020-03-02,TYL,SELL,331.66,0.326687,28567.74
2020-03-02,WST,SELL,153.88,0.519402,28567.74
2020-03-02,SNPS,SELL,141.63,0.068139,28567.74
2020-03-02,SPGI,SELL,259.79,0.261383,28567.74
2020-03-02,ZTS,SELL,130.2,1.040245,28567.74
2020-03-02,TTD,SELL,28.81,6.099198,28567.74
2020-03-02,V,SELL,183.85,0.190176,28567.74
2020-03-02,TSLA,BUY,49.57,28.812845,28567.74
2020-03-02,TER,BUY,59.01,1.105016,28567.74
2020-03-02,TDG,BUY,472.47,0.209066,28567.74
2020-03-02,SMCI,BUY,2.62,13.896807,28567.74
2020-03-02,SWKS,BUY,88.78,0.451379,28567.74
2020-03-02,SO,BUY,50.35,28.369353,28567.74
2020-03-02,TTWO,BUY,112.06,12.746629,28567.74
2020-03-02,WDC,BUY,44.59,1.482182,28567.74
2020-03-02,STX,BUY,40.49,2.526049,28567.74
2020-03-02,SBAC,BUY,260.7,5.478975,28567.74
2020-03-02,TSN,BUY,58.45,2.194724,28567.74
2020-04-01,SMCI,SELL,2.05,546.228387,23002.98
2020-04-01,TTWO,SELL,116.33,12.746629,23002.98
2020-04-01,TSN,SELL,45.86,24.437759,23002.98
2020-04-01,V,SELL,146.36,7.769226,23002.98
2020-04-01,STX,SELL,39.1,35.275629,23002.98
2020-04-01,WDC,SELL,28.72,32.033248,23002.98
2020-04-01,SNPS,SELL,125.96,10.085343,23002.98
2020-04-01,TYL,SELL,291.58,0.362241,23002.98
2020-04-01,TER,SELL,50.87,1.593615,23002.98
2020-04-01,WST,SELL,147.3,1.474338,23002.98
2020-04-01,SBAC,SELL,238.61,0.658797,23002.98
2020-04-01,ZTS,SELL,104.9,0.006718,23002.98
2020-04-01,TGT,SELL,80.16,1.217897,23002.98
2020-04-01,SPGI,SELL,210.42,0.032269,23002.98
2020-04-01,TSLA,BUY,32.1,7.012878,23002.98
2020-04-01,TTD,BUY,17.23,17.17486,23002.98
2020-04-01,TDY,BUY,277.11,0.021034,23002.98
2020-04-01,TDG,BUY,226.52,2.054259,23002.98
2020-04-01,NOW,BUY,54.61,21.059601,23002.98
2020-04-01,TMUS,BUY,81.41,14.127978,23002.98
2020-04-01,STE,BUY,130.14,8.837454,23002.98
2020-04-01,SWKS,BUY,70.21,0.294454,23002.98
2020-04-01,VRTX,BUY,225.48,5.100892,23002.98
2020-04-01,SO,BUY,39.49,0.756453,23002.98
2020-04-01,WRB,BUY,19.5,58.972933,23002.98
2020-04-01,SHW,BUY,134.01,8.582775,23002.98
2020-04-01,TT,BUY,74.54,15.430632,23002.98
2020-05-01,TTD,SELL,27.89,66.752702,27158.58
2020-05-01,NOW,SELL,67.9,21.059601,27158.58
2020-05-01,WRB,SELL,19.97,58.972933,27158.58
2020-05-01,SWKS,SELL,84.15,16.382635,27158.58
2020-05-01,TT,SELL,79.99,15.430632,27158.58
2020-05-01,SHW,SELL,166.0,8.582775,27158.58
2020-05-01,TDG,SELL,290.44,5.07749,27158.58
2020-05-01,TSLA,SELL,46.75,6.782017,27158.58
2020-05-01,WST,SELL,188.62,0.608872,27158.58
2020-05-01,SPGI,SELL,256.87,0.179565,27158.58
2020-05-01,SBAC,BUY,262.7,0.349043,27158.58
2020-05-01,VRTX,BUY,254.9,0.226408,27158.58
2020-05-01,TYL,BUY,314.78,0.369358,27158.58
2020-05-01,TGT,BUY,91.06,0.563549,27158.58
2020-05-01,TTWO,BUY,122.65,11.071576,27158.58
2020-05-01,WEC,BUY,72.09,18.835742,27158.58
2020-05-01,TDY,BUY,319.83,0.095269,27158.58
2020-05-01,ZTS,BUY,119.73,0.377882,27158.58
2020-05-01,WMT,BUY,37.67,36.04778,27158.58
2020-05-01,TMUS,BUY,82.43,2.345233,27158.58
2020-05-01,XEL,BUY,51.26,26.488821,27158.58
2020-05-01,SO,BUY,42.85,2.563037,27158.58
2020-05-01,TER,BUY,56.44,1.449769,27158.58
2020-05-01,VEEV,BUY,187.77,7.231873,27158.58
2020-05-01,UNH,BUY,255.66,5.311544,27158.58
2020-05-01,STX,BUY,38.98,34.840984,27158.58
2020-05-01,STE,BUY,133.64,1.323497,27158.58
2020-06-01,TMUS,SELL,95.34,16.473211,30470.05
2020-06-01,WEC,SELL,76.47,18.835742,30470.05
2020-06-01,STE,SELL,156.56,10.160951,30470.05
2020-06-01,WMT,SELL,38.16,36.04778,30470.05
2020-06-01,UNH,SELL,274.9,5.311544,30470.05
2020-06-01,XEL,SELL,54.21,26.488821,30470.05
2020-06-01,SO,SELL,45.98,31.688843,30470.05
2020-06-01,TTWO,SELL,136.22,11.071576,30470.05
2020-06-01,TSLA,SELL,59.87,3.598276,30470.05
2020-06-01,TER,SELL,65.63,0.84537,30470.05
2020-06-01,VRTX,SELL,286.64,0.012262,30470.05
2020-06-01,TYL,SELL,375.85,0.260412,30470.05
2020-06-01,TDY,SELL,365.14,0.073404,30470.05
2020-06-01,VEEV,SELL,218.96,0.273969,30470.05
2020-06-01,SPGI,SELL,294.53,0.113868,30470.05
2020-06-01,WST,BUY,208.8,0.097292,30470.05
2020-06-01,SWKS,BUY,101.81,14.964099,30470.05
2020-06-01,TTD,BUY,31.03,49.096151,30470.05
2020-06-01,ZBRA,BUY,264.97,5.749718,30470.05
2020-06-01,SBAC,BUY,291.48,0.057524,30470.05
2020-06-01,TGT,BUY,101.07,0.161802,30470.05
2020-06-01,SNPS,BUY,182.6,8.343388,30470.05
2020-06-01,WSM,BUY,36.15,42.144705,30470.05
2020-06-01,SHW,BUY,184.1,8.275366,30470.05
2020-06-01,TMO,BUY,343.53,4.434891,30470.05
2020-06-01,WDC,BUY,32.41,47.001437,30470.05
2020-06-01,ZTS,BUY,129.88,0.388607,30470.05
2020-06-01,STX,BUY,42.6,0.920172,30470.05
2020-07-01,TMO,SELL,354.02,4.434891,31698.07
2020-07-01,STX,SELL,39.14,35.761156,31698.07
2020-07-01,ZBRA,SELL,251.23,5.749718,31698.07
2020-07-01,ZTS,SELL,128.8,11.730529,31698.07
2020-07-01,WDC,SELL,31.94,47.001437,31698.07
2020-07-01,TSLA,SELL,74.64,4.212027,31698.07
2020-07-01,WST,SELL,221.45,0.139459,31698.07
2020-07-01,SWKS,SELL,107.58,0.231863,31698.07
2020-07-01,TER,SELL,81.02,3.652102,31698.07
2020-07-01,SNPS,SELL,196.9,0.294106,31698.07
2020-07-01,TTD,SELL,42.91,12.164066,31698.07
2020-07-01,VEEV,SELL,242.22,0.414664,31698.07
2020-07-01,WSM,SELL,37.74,0.146792,31698.07
2020-07-01,TYL,BUY,350.32,0.470674,31698.07
2020-07-01,VRTX,BUY,286.28,0.221162,31698.07
2020-07-01,TGT,BUY,100.62,0.677363,31698.07
2020-07-01,SPGI,BUY,301.03,0.092329,31698.07
2020-07-01,NOW,BUY,83.36,19.013214,31698.07
2020-07-01,SBAC,BUY,276.5,0.505301,31698.07
2020-07-01,TDY,BUY,304.19,1.037863,31698.07
2020-07-01,TMUS,BUY,101.49,15.616123,31698.07
2020-07-01,SMCI,BUY,2.79,567.252547,31698.07
2020-07-01,SHW,BUY,182.55,0.406554,31698.07
2020-07-01,UNH,BUY,268.69,5.898685,31698.07
2020-07-01,VRT,BUY,13.9,114.053879,31698.07
2020-08-03,UNH,SELL,273.99,5.898685,34271.36
2020-08-03,TDY,SELL,310.62,5.210242,34271.36
2020-08-03,SHW,SELL,202.65,8.681921,34271.36
2020-08-03,TSLA,SELL,99.0,3.924635,34271.36
2020-08-03,WST,SELL,274.42,0.912629,34271.36
2020-08-03,SMCI,SELL,3.03,1.905132,34271.36
2020-08-03,TTD,SELL,47.53,0.881258,34271.36
2020-08-03,SWKS,SELL,125.83,1.114256,34271.36
2020-08-03,TER,SELL,88.2,0.134211,34271.36
2020-08-03,VEEV,SELL,268.06,0.150761,34271.36
2020-08-03,VRTX,BUY,279.52,0.594194,34271.36
2020-08-03,TYL,BUY,363.97,0.183833,34271.36
2020-08-03,SNPS,BUY,202.8,0.400264,34271.36
2020-08-03,NOW,BUY,87.99,0.46092,34271.36
2020-08-03,TGT,BUY,108.13,0.095768,34271.36
2020-08-03,SPGI,BUY,315.57,0.1651,34271.36
2020-08-03,VRT,BUY,14.93,0.715032,34271.36
2020-08-03,TMO,BUY,412.4,4.155139,34271.36
2020-08-03,TMUS,BUY,102.21,1.149258,34271.36
2020-08-03,WSM,BUY,38.9,2.047026,34271.36
2020-08-03,TSCO,BUY,26.68,64.22292,34271.36
2020-08-03,SBAC,BUY,280.21,0.383349,34271.36
2020-08-03,ZBRA,BUY,280.72,6.104189,34271.36
2020-09-01,SBAC,SELL,281.76,6.115396,36492.38
2020-09-01,TGT,SELL,127.97,15.846625,36492.38
2020-09-01,TSLA,SELL,158.35,5.786072,36492.38
2020-09-01,NOW,SELL,99.44,1.124823,36492.38
2020-09-01,VEEV,SELL,294.08,0.187981,36492.38
2020-09-01,VRT,SELL,16.35,3.192126,36492.38
2020-09-01,SNPS,SELL,225.34,0.352364,36492.38
2020-09-01,TMUS,SELL,111.79,0.44365,36492.38
2020-09-01,SWKS,BUY,125.63,0.905325,36492.38
2020-09-01,WST,BUY,277.48,0.331287,36492.38
2020-09-01,TTD,BUY,50.14,0.340383,36492.38
2020-09-01,TER,BUY,83.4,2.449188,36492.38
2020-09-01,SMCI,BUY,2.71,108.68984,36492.38
2020-09-01,VRTX,BUY,275.49,0.492782,36492.38
2020-09-01,TMO,BUY,426.8,0.11994,36492.38
2020-09-01,TSCO,BUY,27.04,3.250213,36492.38
2020-09-01,TYL,BUY,347.62,0.540897,36492.38
2020-09-01,URI,BUY,176.03,10.365403,36492.38
2020-09-01,ZBRA,BUY,287.16,0.249826,36492.38
2020-09-01,WSM,BUY,39.4,2.268577,36492.38
2020-09-01,SPGI,BUY,332.13,0.063699,36492.38
2020-09-01,UNH,BUY,282.31,6.463069,36492.38
2020-10-01,ZBRA,SELL,258.48,6.354015,36246.44
2020-10-01,WSM,SELL,41.95,46.313516,36246.44
2020-10-01,TYL,SELL,357.26,5.248889,36246.44
2020-10-01,TTD,SELL,55.52,3.746754,36246.44
2020-10-01,SWKS,SELL,130.47,0.632782,36246.44
2020-10-01,VRT,SELL,17.81,9.79126,36246.44
2020-10-01,UNH,SELL,283.7,0.074804,36246.44
2020-10-01,TMO,SELL,431.42,0.07427,36246.44
2020-10-01,TSLA,BUY,149.39,0.609058,36246.44
2020-10-01,WST,BUY,271.61,0.096831,36246.44
2020-10-01,NOW,BUY,98.5,0.049152,36246.44
2020-10-01,CRM,BUY,249.14,7.27432,36246.44
2020-10-01,VEEV,BUY,277.04,0.337236,36246.44
2020-10-01,TSCO,BUY,25.78,2.833679,36246.44
2020-10-01,SNPS,BUY,217.09,0.251071,36246.44
2020-10-01,VRTX,BUY,273.51,0.002987,36246.44
2020-10-01,SPGI,BUY,327.92,0.032885,36246.44
2020-10-01,TER,BUY,79.54,0.908336,36246.44
2020-10-01,TMUS,BUY,110.67,0.053899,36246.44
2020-10-01,URI,BUY,169.1,0.352299,36246.44
2020-10-01,TGT,BUY,134.82,13.442894,36246.44
2020-10-01,WDAY,BUY,220.52,8.218403,36246.44
2020-10-01,SMCI,BUY,2.62,18.74647,36246.44
2020-11-02,TER,SELL,87.75,22.785896,34923.47
2020-11-02,UNH,SELL,282.82,6.388265,34923.47
2020-11-02,URI,SELL,185.8,10.717702,34923.47
2020-11-02,SMCI,SELL,2.3,692.783725,34923.47
2020-11-02,TTD,SELL,55.92,1.415945,34923.47
2020-11-02,NOW,SELL,95.2,0.056305,34923.47
2020-11-02,VEEV,SELL,268.04,0.027135,34923.47
2020-11-02,WST,SELL,267.29,0.139551,34923.47
2020-11-02,VRT,SELL,17.32,0.954949,34923.47
2020-11-02,SNPS,SELL,215.78,0.255874,34923.47
2020-11-02,TGT,SELL,131.24,0.137465,34923.47
2020-11-02,TMO,SELL,473.12,0.510025,34923.47
2020-11-02,TSLA,BUY,133.5,0.947872,34923.47
2020-11-02,SWKS,BUY,121.91,0.432829,34923.47
2020-11-02,CRM,BUY,228.5,0.367681,34923.47
2020-11-02,TSCO,BUY,24.21,1.826332,34923.47
2020-11-02,UPS,BUY,125.12,13.95578,34923.47
2020-11-02,SPGI,BUY,295.64,0.379781,34923.47
2020-11-02,TMUS,BUY,105.57,0.165541,34923.47
2020-11-02,VRTX,BUY,207.42,1.792375,34923.47
2020-11-02,WSM,BUY,41.44,42.141158,34923.47
2020-11-02,TTWO,BUY,154.03,11.33658,34923.47
2020-11-02,SBAC,BUY,269.73,6.473901,34923.47
2020-11-02,WDAY,BUY,205.48,0.279619,34923.47
2020-12-01,SBAC,SELL,265.78,6.473901,39352.6
2020-12-01,VRTX,SELL,230.3,8.418539,39352.6
2020-12-01,TGT,SELL,152.83,13.305428,39352.6
2020-12-01,SPGI,SELL,302.01,5.906438,39352.6
2020-12-01,WDAY,SELL,225.7,8.498021,39352.6
2020-12-01,TSLA,SELL,194.92,2.985074,39352.6
2020-12-01,TTD,SELL,89.01,9.123539,39352.6
2020-12-01,NOW,SELL,107.92,0.10952,39352.6
2020-12-01,TMUS,SELL,127.89,1.155262,39352.6
2020-12-01,WSM,SELL,49.81,2.6398,39352.6
2020-12-01,TTWO,SELL,180.06,0.408945,39352.6
2020-12-01,WST,BUY,268.04,0.807806,39352.6
2020-12-01,VEEV,BUY,284.2,0.408798,39352.6
2020-12-01,VRT,BUY,19.3,1.131122,39352.6
2020-12-01,SNPS,BUY,230.02,0.46179,39352.6
2020-12-01,TMO,BUY,463.81,0.551504,39352.6
2020-12-01,SWKS,BUY,123.96,1.54925,39352.6
2020-12-01,CRM,BUY,237.25,0.651642,39352.6
2020-12-01,TSCO,BUY,25.42,5.262759,39352.6
2020-12-01,TER,BUY,112.73,17.454711,39352.6
2020-12-01,UPS,BUY,132.52,0.891974,39352.6
2020-12-01,TT,BUY,135.6,14.510306,39352.6
2020-12-01,TYL,BUY,432.12,4.553434,39352.6
2020-12-01,ZTS,BUY,151.89,12.954427,39352.6
2020-12-01,TXN,BUY,139.49,14.105866,39352.6
2021-01-04,SWKS,SELL,129.75,15.872602,39707.85
2021-01-04,TXN,SELL,138.41,14.105866,39707.85
2021-01-04,ZTS,SELL,153.99,12.954427,39707.85
2021-01-04,TYL,SELL,431.61,4.553434,39707.85
2021-01-04,TSLA,SELL,243.26,1.932832,39707.85
2021-01-04,WST,SELL,281.4,0.285448,39707.85
2021-01-04,SNPS,SELL,254.7,0.759144,39707.85
2021-01-04,TER,SELL,116.71,0.443839,39707.85
2021-01-04,TTWO,SELL,201.85,1.091654,39707.85
2021-01-04,TTD,BUY,77.34,3.565,39707.85
2021-01-04,VEEV,BUY,274.26,0.315691,39707.85
2021-01-04,NOW,BUY,105.37,0.610183,39707.85
2021-01-04,VRT,BUY,18.43,5.753487,39707.85
2021-01-04,TMUS,BUY,126.64,0.291294,39707.85
2021-01-04,UBER,BUY,51.14,38.822696,39707.85
2021-01-04,WSM,BUY,46.31,3.372559,39707.85
2021-01-04,TSCO,BUY,25.43,0.676335,39707.85
2021-01-04,CRM,BUY,216.56,0.87408,39707.85
2021-01-04,UPS,BUY,129.24,0.514532,39707.85
2021-01-04,ZBRA,BUY,378.13,5.250556,39707.85
2021-01-04,TT,BUY,134.5,0.251494,39707.85
2021-01-04,TRMB,BUY,66.29,29.950108,39707.85
2021-01-04,TMO,BUY,464.74,0.02977,39707.85
2021-01-04,TGT,BUY,151.62,13.094809,39707.85
2021-02-01,CRM,SELL,224.57,9.167723,41332.19
2021-02-01,TSLA,SELL,279.94,0.779301,41332.19
2021-02-01,NOW,SELL,111.71,0.343378,41332.19
2021-02-01,ZBRA,SELL,397.33,0.049313,41332.19
2021-02-01,VRT,SELL,20.04,4.612374,41332.19
2021-02-01,WSM,SELL,56.64,6.386798,41332.19
2021-02-01,TMO,SELL,507.73,0.201797,41332.19
2021-02-01,TTD,BUY,79.32,0.383782,41332.19
2021-02-01,VEEV,BUY,282.91,0.065742,41332.19
2021-02-01,WST,BUY,292.85,0.0015,41332.19
2021-02-01,SNPS,BUY,263.57,0.045814,41332.19
2021-02-01,TER,BUY,115.11,0.942906,41332.19
2021-02-01,TMUS,BUY,122.81,1.150868,41332.19
2021-02-01,TTWO,BUY,200.94,0.44873,41332.19
2021-02-01,TGT,BUY,156.69,0.094617,41332.19
2021-02-01,TSCO,BUY,25.43,3.187899,41332.19
2021-02-01,TRMB,BUY,67.72,0.56687,41332.19
2021-02-01,UPS,BUY,123.29,1.400028,41332.19
2021-02-01,URI,BUY,244.25,8.461155,41332.19
2021-02-01,UBER,BUY,52.76,0.347315,41332.19
2021-02-01,TT,BUY,133.35,0.736263,41332.19
2021-03-01,TT,SELL,148.03,15.498062,43222.23
2021-03-01,TMUS,SELL,118.17,16.828072,43222.23
2021-03-01,TTD,SELL,83.23,0.089468,43222.23
2021-03-01,TER,SELL,131.31,1.495654,43222.23
2021-03-01,WSM,SELL,61.17,1.159954,43222.23
2021-03-01,URI,SELL,291.7,1.052519,43222.23
2021-03-01,ZBRA,SELL,511.48,0.976031,43222.23
2021-03-01,VRT,SELL,21.22,1.252726,43222.23
2021-03-01,TSCO,SELL,29.68,8.43543,43222.23
2021-03-01,TRMB,SELL,77.56,2.653241,43222.23
2021-03-01,TSLA,BUY,239.48,1.64189,43222.23
2021-03-01,VEEV,BUY,293.71,0.053146,43222.23
2021-03-01,WST,BUY,279.02,0.688553,43222.23
2021-03-01,SNPS,BUY,254.17,0.661784,43222.23
2021-03-01,TTWO,BUY,187.45,1.244291,43222.23
2021-03-01,UPS,BUY,128.21,0.094192,43222.23
2021-03-01,TGT,BUY,159.4,0.368017,43222.23
2021-03-01,TMO,BUY,452.66,0.703955,43222.23
2021-03-01,NOW,BUY,111.29,0.918597,43222.23
2021-03-01,SWKS,BUY,160.94,13.427857,43222.23
2021-03-01,WBD,BUY,58.18,37.145261,43222.23
2021-03-01,UBER,BUY,54.4,0.556298,43222.23
2021-04-01,NOW,SELL,101.4,19.41804,43053.3
2021-04-01,WST,SELL,280.77,7.74538,43053.3
2021-04-01,TGT,SELL,171.94,13.557443,43053.3
2021-04-01,TTWO,SELL,180.15,11.529002,43053.3
2021-04-01,TSCO,SELL,32.22,72.824706,43053.3
2021-04-01,UBER,SELL,57.6,39.72631,43053.3
2021-04-01,VEEV,SELL,267.77,7.357977,43053.3
2021-04-01,UPS,SELL,136.0,16.856506,43053.3
2021-04-01,TMO,SELL,449.71,4.774216,43053.3
2021-04-01,SNPS,SELL,254.23,8.502622,43053.3
2021-04-01,WSM,SELL,82.24,9.151788,43053.3
2021-04-01,URI,SELL,319.88,0.679024,43053.3
2021-04-01,TRMB,SELL,80.74,1.202041,43053.3
2021-04-01,SWKS,SELL,162.01,0.14084,43053.3
2021-04-01,TSLA,BUY,220.58,0.734658,43053.3
2021-04-01,TRGP,BUY,28.74,74.913569,43053.3
2021-04-01,TTD,BUY,65.88,6.709279,43053.3
2021-04-01,TPL,BUY,167.11,12.88194,43053.3
2021-04-01,RCL,BUY,84.28,25.540329,43053.3
2021-04-01,WBD,BUY,43.31,12.55839,43053.3
2021-04-01,ZBRA,BUY,491.78,0.152081,43053.3
2021-04-01,SYF,BUY,37.08,58.050577,43053.3
2021-04-01,VRT,BUY,20.91,1.09886,43053.3
2021-04-01,TER,BUY,126.22,0.596221,43053.3
2021-04-01,WYNN,BUY,123.92,17.372074,43053.3
2021-04-01,SPG,BUY,86.35,24.928448,43053.3
2021-04-01,SLB,BUY,25.08,85.832128,43053.3
2021-04-01,TEL,BUY,120.63,17.845655,43053.3
2021-04-01,VTR,BUY,45.66,47.142827,43053.3
2021-04-01,WY,BUY,29.75,72.348753,43053.3
2021-05-03,WYNN,SELL,124.65,17.372074,43565.64
2021-05-03,SWKS,SELL,152.21,13.287017,43565.64
2021-05-03,RCL,SELL,85.49,25.540329,43565.64
2021-05-03,WY,SELL,31.8,72.348753,43565.64
2021-05-03,SPG,SELL,93.39,24.928448,43565.64
2021-05-03,SLB,SELL,25.19,85.832128,43565.64
2021-05-03,VTR,SELL,46.96,47.142827,43565.64
2021-05-03,TEL,SELL,122.97,17.845655,43565.64
2021-05-03,TSLA,SELL,228.3,0.217652,43565.64
2021-05-03,TRGP,SELL,31.91,6.644173,43565.64
2021-05-03,SYF,SELL,39.07,2.303069,43565.64
2021-05-03,TTD,SELL,70.16,1.624444,43565.64
2021-05-03,VRT,SELL,22.71,7.037629,43565.64
2021-05-03,WSM,BUY,79.47,1.233371,43565.64
2021-05-03,TPL,BUY,168.02,0.082556,43565.64
2021-05-03,URI,BUY,310.32,0.289792,43565.64
2021-05-03,TRMB,BUY,81.2,0.164439,43565.64
2021-05-03,STLD,BUY,52.35,41.606013,43565.64
2021-05-03,TXT,BUY,65.2,33.407984,43565.64
2021-05-03,ZBRA,BUY,479.05,0.169794,43565.64
2021-05-03,LUV,BUY,57.32,37.998836,43565.64
2021-05-03,UAL,BUY,54.46,39.997834,43565.64
2021-05-03,TT,BUY,163.85,13.294193,43565.64
2021-05-03,WBD,BUY,36.12,10.603162,43565.64
2021-05-03,TER,BUY,122.48,0.730373,43565.64
2021-05-03,TGT,BUY,180.98,12.035922,43565.64
2021-05-03,SWK,BUY,175.38,12.420109,43565.64
2021-05-03,UPS,BUY,168.49,12.928586,43565.64
2021-06-01,WBD,SELL,32.0,60.306813,44543.74
2021-06-01,TGT,SELL,195.31,12.035922,44543.74
2021-06-01,SWK,SELL,179.81,12.420109,44543.74
2021-06-01,URI,SELL,327.34,0.21558,44543.74
2021-06-01,STLD,SELL,59.56,4.21027,44543.74
2021-06-01,SYF,SELL,43.81,4.905736,44543.74
2021-06-01,TER,SELL,128.25,0.419384,44543.74
2021-06-01,TXT,SELL,68.68,0.981097,44543.74
2021-06-01,TT,SELL,175.84,0.628532,44543.74
2021-06-01,ZBRA,SELL,502.92,0.118575,44543.74
2021-06-01,TRGP,SELL,35.8,6.063572,44543.74
2021-06-01,UAL,SELL,59.67,2.672758,44543.74
2021-06-01,VRT,SELL,24.8,6.110536,44543.74
2021-06-01,TSLA,BUY,207.97,1.168034,44543.74
2021-06-01,TPL,BUY,156.56,1.261028,44543.74
2021-06-01,TTD,BUY,58.31,7.14651,44543.74
2021-06-01,WSM,BUY,77.48,1.336664,44543.74
2021-06-01,SPG,BUY,101.72,21.895533,44543.74
2021-06-01,UPS,BUY,170.16,0.160008,44543.74
2021-06-01,TRMB,BUY,78.43,1.571,44543.74
2021-06-01,STX,BUY,84.64,26.313763,44543.74
2021-06-01,LUV,BUY,56.59,1.359755,44543.74
2021-06-01,WY,BUY,31.21,71.366404,44543.74
2021-07-01,TTD,SELL,76.68,38.19563,44877.02
2021-07-01,WY,SELL,27.85,71.366404,44877.02
2021-07-01,TER,SELL,126.88,17.365336,44877.02
2021-07-01,UAL,SELL,53.08,37.325076,44877.02
2021-07-01,LUV,SELL,49.68,39.358591,44877.02
2021-07-01,TSLA,SELL,225.97,0.779631,44877.02
2021-07-01,TPL,SELL,169.07,0.954145,44877.02
2021-07-01,TRGP,SELL,40.2,6.392316,44877.02
2021-07-01,ZBRA,SELL,532.02,0.210905,44877.02
2021-07-01,VRT,SELL,27.33,7.696669,44877.02
2021-07-01,TRMB,SELL,82.45,1.182445,44877.02
2021-07-01,STLD,BUY,56.49,2.323438,44877.02
2021-07-01,URI,BUY,309.89,0.436998,44877.02
2021-07-01,SYF,BUY,43.72,0.485205,44877.02
2021-07-01,TT,BUY,175.15,0.145633,44877.02
2021-07-01,WSM,BUY,72.63,2.146858,44877.02
2021-07-01,TXT,BUY,68.69,0.237875,44877.02
2021-07-01,STX,BUY,74.62,3.756314,44877.02
2021-07-01,SPG,BUY,100.79,0.366777,44877.02
2021-07-01,UPS,BUY,167.71,0.290502,44877.02
2021-07-01,TGT,BUY,209.23,10.724174,44877.02
2021-07-01,SNA,BUY,196.07,11.443927,44877.02
2021-07-01,RCL,BUY,83.53,26.86397,44877.02
2021-07-01,WFC,BUY,40.26,55.736183,44877.02
2021-07-01,XYL,BUY,113.11,19.837103,44877.02
2021-08-02,SNA,SELL,192.39,11.443927,44670.89
2021-08-02,TT,SELL,189.23,12.811294,44670.89
2021-08-02,RCL,SELL,73.4,26.86397,44670.89
2021-08-02,XYL,SELL,118.29,19.837103,44670.89
2021-08-02,UPS,SELL,153.13,13.379095,44670.89
2021-08-02,TSLA,SELL,236.56,0.487816,44670.89
2021-08-02,STLD,SELL,58.35,1.439371,44670.89
2021-08-02,STX,SELL,76.24,0.773954,44670.89
2021-08-02,URI,SELL,314.63,0.141945,44670.89
2021-08-02,TGT,SELL,221.07,0.620686,44670.89
2021-08-02,TXT,SELL,69.33,0.448628,44670.89
2021-08-02,ZBRA,SELL,550.97,0.163766,44670.89
2021-08-02,VRT,SELL,27.6,1.172881,44670.89
2021-08-02,WFC,SELL,40.6,0.716429,44670.89
2021-08-02,TRMB,SELL,85.31,1.033181,44670.89
2021-08-02,TPL,BUY,154.74,1.162761,44670.89
2021-08-02,TRGP,BUY,37.37,3.95158,44670.89
2021-08-02,SYF,BUY,42.1,1.724466,44670.89
2021-08-02,SPG,BUY,96.79,0.813474,44670.89
2021-08-02,WSM,BUY,70.44,0.818378,44670.89
2021-08-02,TTD,BUY,83.19,26.848712,44670.89
2021-08-02,SLB,BUY,25.54,87.456717,44670.89
2021-08-02,ULTA,BUY,336.76,6.632451,44670.89
2021-08-02,LUV,BUY,45.88,48.683985,44670.89
2021-08-02,SW,BUY,45.87,48.688276,44670.89
2021-09-01,SW,SELL,47.1,48.688276,46138.97
2021-09-01,ULTA,SELL,387.46,6.632451,46138.97
2021-09-01,SLB,SELL,25.18,87.456717,46138.97
2021-09-01,TSLA,SELL,244.7,9.4419,46138.97
2021-09-01,LUV,SELL,45.7,48.683985,46138.97
2021-09-01,TRGP,SELL,39.41,1.221694,46138.97
2021-09-01,STLD,SELL,62.18,1.177687,46138.97
2021-09-01,SPG,SELL,104.06,0.907085,46138.97
2021-09-01,SYF,SELL,43.67,0.218701,46138.97
2021-09-01,ZBRA,SELL,582.78,0.095317,46138.97
2021-09-01,URI,SELL,334.94,0.211279,46138.97
2021-09-01,WSM,SELL,83.36,4.037437,46138.97
2021-09-01,TRMB,SELL,93.75,1.574059,46138.97
2021-09-01,TPL,BUY,141.77,1.83884,46138.97
2021-09-01,WFC,BUY,38.69,4.609135,46138.97
2021-09-01,STX,BUY,75.11,1.41742,46138.97
2021-09-01,WAT,BUY,416.12,5.54395,46138.97
2021-09-01,TXT,BUY,71.57,0.018049,46138.97
2021-09-01,TT,BUY,186.13,12.394091,46138.97
2021-09-01,TGT,BUY,212.45,0.755202,46138.97
2021-09-01,VRT,BUY,28.23,0.802823,46138.97
2021-09-01,TTD,BUY,79.51,2.165856,46138.97
2021-09-01,WDC,BUY,45.93,50.230442,46138.97
2021-09-01,UDR,BUY,45.58,50.611742,46138.97
2021-09-01,XYL,BUY,128.83,17.906443,46138.97
2021-10-01,TTD,SELL,70.42,29.014568,43682.02
2021-10-01,XYL,SELL,114.45,17.906443,43682.02
2021-10-01,TGT,SELL,196.97,10.85869,43682.02
2021-10-01,VRT,SELL,24.42,81.734053,43682.02
2021-10-01,TRGP,SELL,45.69,10.737612,43682.02
2021-10-01,SPG,SELL,103.17,0.998231,43682.02
2021-10-01,WSM,SELL,79.57,0.222818,43682.02
2021-10-01,WFC,SELL,41.87,7.46155,43682.02
2021-10-01,URI,SELL,345.38,0.563772,43682.02
2021-10-01,TXT,SELL,70.68,1.334213,43682.02
2021-10-01,SYF,SELL,44.85,4.136299,43682.02
2021-10-01,STX,SELL,73.31,0.920452,43682.02
2021-10-01,UDR,SELL,44.14,1.128937,43682.02
2021-10-01,TPL,BUY,123.0,1.483991,43682.02
2021-10-01,STLD,BUY,54.29,3.12729,43682.02
2021-10-01,ZBRA,BUY,510.98,0.315814,43682.02
2021-10-01,WAT,BUY,355.7,0.596339,43682.02
2021-10-01,TRMB,BUY,84.14,1.35049,43682.02
2021-10-01,SLB,BUY,27.33,79.926443,43682.02
2021-10-01,TROW,BUY,160.32,13.622961,43682.02
2021-10-01,ULTA,BUY,368.03,5.934573,43682.02
2021-10-01,TSLA,BUY,258.41,8.452185,43682.02
2021-10-01,WDC,BUY,42.96,0.615505,43682.02
2021-10-01,TT,BUY,164.86,0.854267,43682.02
2021-11-01,TT,SELL,171.08,13.248358,47320.75
2021-11-01,TROW,SELL,174.31,13.622961,47320.75
2021-11-01,WDC,SELL,40.77,50.845947,47320.75
2021-11-01,TRGP,SELL,50.35,0.814154,47320.75
2021-11-01,TPL,SELL,137.71,0.57569,47320.75
2021-11-01,WFC,SELL,46.04,0.780052,47320.75
2021-11-01,SPG,SELL,115.74,0.727043,47320.75
2021-11-01,SLB,SELL,29.97,0.986444,47320.75
2021-11-01,STLD,SELL,59.81,0.666884,47320.75
2021-11-01,TSLA,SELL,402.86,2.579132,47320.75
2021-11-01,STX,SELL,79.81,0.148679,47320.75
2021-11-01,TXT,BUY,74.24,0.972087,47320.75
2021-11-01,URI,BUY,369.66,0.076778,47320.75
2021-11-01,WSM,BUY,85.75,0.141851,47320.75
2021-11-01,SYF,BUY,42.77,6.624191,47320.75
2021-11-01,VLO,BUY,66.83,35.402142,47320.75
2021-11-01,ULTA,BUY,365.13,0.545414,47320.75
2021-11-01,UDR,BUY,45.67,2.319957,47320.75
2021-11-01,ZBRA,BUY,542.59,0.086299,47320.75
2021-11-01,TRMB,BUY,87.25,1.15997,47320.75
2021-11-01,RCL,BUY,85.85,27.559929,47320.75
2021-11-01,USB,BUY,49.24,48.04909,47320.75
2021-11-01,WAT,BUY,364.6,0.349117,47320.75
2021-12-01,ULTA,SELL,370.02,6.479987,44207.47
2021-12-01,RCL,SELL,62.5,27.559929,44207.47
2021-12-01,TRMB,SELL,84.01,27.117909,44207.47
2021-12-01,ZBRA,SELL,581.03,4.360636,44207.47
2021-12-01,USB,SELL,44.44,48.04909,44207.47
2021-12-01,SPG,SELL,114.47,1.132965,44207.47
2021-12-01,WSM,SELL,85.25,1.664819,44207.47
2021-12-01,STX,SELL,90.18,5.134727,44207.47
2021-12-01,UDR,SELL,45.3,3.009159,44207.47
2021-12-01,TRGP,BUY,45.84,1.224991,44207.47
2021-12-01,TPL,BUY,123.78,0.675418,44207.47
2021-12-01,TSLA,BUY,365.0,0.182765,44207.47
2021-12-01,WFC,BUY,42.2,0.992858,44207.47
2021-12-01,STLD,BUY,55.04,0.599604,44207.47
2021-12-01,URI,BUY,320.95,0.486369,44207.47
2021-12-01,TXT,BUY,68.81,0.249801,44207.47
2021-12-01,WAT,BUY,328.5,0.23928,44207.47
2021-12-01,SLB,BUY,25.65,7.22644,44207.47
2021-12-01,TROW,BUY,158.3,13.963362,44207.47
2021-12-01,WST,BUY,429.92,5.141413,44207.47
2021-12-01,SYF,BUY,39.51,0.623843,44207.47
2021-12-01,TSCO,BUY,41.2,53.648608,44207.47
2021-12-01,VLO,BUY,58.39,2.451237,44207.47
2021-12-01,SNPS,BUY,334.75,6.603057,44207.47
2021-12-01,TGT,BUY,208.0,10.626624,44207.47
2022-01-03,VLO,SELL,66.92,37.853379,46874.51
2022-01-03,SLB,SELL,28.67,86.166439,46874.51
2022-01-03,SYF,SELL,42.44,55.944476,46874.51
2022-01-03,WAT,SELL,364.59,6.728686,46874.51
2022-01-03,SNPS,SELL,361.1,6.603057,46874.51
2022-01-03,SPG,SELL,125.53,0.639605,46874.51
2022-01-03,STX,SELL,98.94,0.820558,46874.51
2022-01-03,TPL,SELL,133.9,0.352541,46874.51
2022-01-03,TSLA,SELL,399.93,0.19543,46874.51
2022-01-03,WFC,SELL,45.35,0.693672,46874.51
2022-01-03,UDR,SELL,49.72,1.651316,46874.51
2022-01-03,TXT,SELL,75.99,1.278184,46874.51
2022-01-03,TRGP,BUY,48.0,0.613829,46874.51
2022-01-03,WSM,BUY,77.11,4.465246,46874.51
2022-01-03,STLD,BUY,57.67,0.477905,46874.51
2022-01-03,TSCO,BUY,43.37,0.388995,46874.51
2022-01-03,WST,BUY,440.29,0.181691,46874.51
2022-01-03,ZBRA,BUY,583.9,4.013916,46874.51
2022-01-03,URI,BUY,318.85,0.463639,46874.51
2022-01-03,WMB,BUY,21.75,107.760209,46874.51
2022-01-03,TGT,BUY,200.7,1.051106,46874.51
2022-01-03,SPGI,BUY,419.79,5.583046,46874.51
2022-01-03,WM,BUY,151.6,15.459604,46874.51
2022-01-03,VRT,BUY,24.27,96.555566,46874.51
2022-01-03,TROW,BUY,158.03,0.867964,46874.51
2022-02-01,TGT,SELL,189.69,11.67773,44115.58
2022-02-01,TROW,SELL,126.49,14.831326,44115.58
2022-02-01,WSM,SELL,75.62,30.39267,44115.58
2022-02-01,TSLA,SELL,310.42,5.860388,44115.58
2022-02-01,URI,SELL,318.24,7.35061,44115.58
2022-02-01,WMB,SELL,25.05,107.760209,44115.58
2022-02-01,VRT,SELL,21.02,96.555566,44115.58
2022-02-01,TRGP,SELL,55.08,8.786196,44115.58
2022-02-01,STX,SELL,94.39,0.320433,44115.58
2022-02-01,WFC,SELL,49.7,7.302904,44115.58
2022-02-01,UDR,SELL,47.06,0.268616,44115.58
2022-02-01,STLD,BUY,53.88,0.296865,44115.58
2022-02-01,SPG,BUY,115.4,0.44411,44115.58
2022-02-01,TXT,BUY,68.55,1.333173,44115.58
2022-02-01,TSCO,BUY,40.54,0.37676,44115.58
2022-02-01,ZTS,BUY,188.53,11.699842,44115.58
2022-02-01,WST,BUY,392.41,0.297958,44115.58
2022-02-01,SHW,BUY,281.2,7.84415,44115.58
2022-02-01,ZBRA,BUY,509.48,0.315556,44115.58
2022-02-01,UNH,BUY,431.98,5.106242,44115.58
2022-02-01,WM,BUY,139.51,0.351131,44115.58
2022-02-01,TPL,BUY,117.93,1.199227,44115.58
2022-02-01,SPGI,BUY,380.06,0.220678,44115.58
2022-02-01,ULTA,BUY,372.32,5.924417,44115.58
2022-02-01,WELL,BUY,75.93,29.050558,44115.58
2022-02-01,SBAC,BUY,298.99,7.377387,44115.58
2022-02-01,TER,BUY,114.79,19.215259,44115.58
2022-03-01,SBAC,SELL,293.72,7.377387,43139.14
2022-03-01,ULTA,SELL,369.01,5.924417,43139.14
2022-03-01,SPGI,SELL,356.28,5.803724,43139.14
2022-03-01,WELL,SELL,74.39,29.050558,43139.14
2022-03-01,TER,SELL,112.62,19.215259,43139.14
2022-03-01,ZBRA,SELL,405.58,4.329471,43139.14
2022-03-01,ZTS,SELL,182.53,11.699842,43139.14
2022-03-01,TPL,SELL,126.7,18.703384,43139.14
2022-03-01,TRGP,SELL,59.46,3.765681,43139.14
2022-03-01,UNH,SELL,439.21,0.195218,43139.14
2022-03-01,WM,SELL,136.55,0.014531,43139.14
2022-03-01,STLD,SELL,67.5,8.982132,43139.14
2022-03-01,TXT,SELL,70.74,1.686192,43139.14
2022-03-01,WFC,BUY,45.15,3.385774,43139.14
2022-03-01,STX,BUY,87.97,1.149731,43139.14
2022-03-01,SLB,BUY,34.16,63.151065,43139.14
2022-03-01,UDR,BUY,45.35,0.68422,43139.14
2022-03-01,WST,BUY,376.94,0.101167,43139.14
2022-03-01,WMB,BUY,25.99,82.983349,43139.14
2022-03-01,TSN,BUY,81.62,26.426286,43139.14
2022-03-01,TSCO,BUY,37.92,2.474911,43139.14
2022-03-01,SPG,BUY,105.4,1.348893,43139.14
2022-03-01,GWW,BUY,447.73,4.817564,43139.14
2022-03-01,STT,BUY,69.93,30.843813,43139.14
2022-03-01,VST,BUY,20.31,106.227358,43139.14
2022-03-01,SJM,BUY,108.81,19.822826,43139.14
2022-03-01,SHW,BUY,245.73,0.933475,43139.14
2022-03-01,UPS,BUY,166.9,12.923912,43139.14
2022-04-01,STT,SELL,74.65,30.843813,45768.31
2022-04-01,WM,SELL,149.5,15.796204,45768.31
2022-04-01,SJM,SELL,118.45,19.822826,45768.31
2022-04-01,SHW,SELL,245.43,8.777625,45768.31
2022-04-01,TSCO,SELL,41.89,56.889273,45768.31
2022-04-01,GWW,SELL,496.86,4.817564,45768.31
2022-04-01,TRGP,SELL,70.15,3.656451,45768.31
2022-04-01,SLB,SELL,37.8,2.611737,45768.31
2022-04-01,STLD,SELL,79.81,3.282655,45768.31
2022-04-01,WMB,SELL,28.13,1.641541,45768.31
2022-04-01,WST,SELL,411.96,0.167321,45768.31
2022-04-01,VST,SELL,21.87,1.585907,45768.31
2022-04-01,UNH,SELL,474.12,0.08436,45768.31
2022-04-01,UDR,SELL,49.25,1.096623,45768.31
2022-04-01,WFC,BUY,43.73,4.555283,45768.31
2022-04-01,STX,BUY,78.77,4.535209,45768.31
2022-04-01,TTD,BUY,72.33,31.638537,45768.31
2022-04-01,TXT,BUY,72.71,0.981111,45768.31
2022-04-01,TSLA,BUY,361.53,6.329808,45768.31
2022-04-01,TSN,BUY,79.19,2.469798,45768.31
2022-04-01,STE,BUY,238.42,9.598253,45768.31
2022-04-01,UPS,BUY,167.76,0.717325,45768.31
2022-04-01,SPG,BUY,105.47,1.232456,45768.31
2022-04-01,SNPS,BUY,334.98,6.831498,45768.31
2022-04-01,ZTS,BUY,181.17,12.631029,45768.31
2022-04-01,WRB,BUY,40.55,56.43934,45768.31
2022-05-02,TTD,SELL,62.08,31.638537,42265.32
2022-05-02,TXT,SELL,69.77,31.471767,42265.32
2022-05-02,WFC,SELL,39.21,52.324627,42265.32
2022-05-02,TSN,SELL,80.81,28.896084,42265.32
2022-05-02,STE,SELL,215.4,9.598253,42265.32
2022-05-02,STX,SELL,72.63,29.053633,42265.32
2022-05-02,SPG,SELL,92.66,21.696313,42265.32
2022-05-02,ZTS,SELL,165.88,12.631029,42265.32
2022-05-02,UPS,SELL,144.98,13.641237,42265.32
2022-05-02,TRGP,SELL,67.67,1.393448,42265.32
2022-05-02,SLB,SELL,35.46,0.94552,42265.32
2022-05-02,STLD,SELL,78.54,1.763901,42265.32
2022-05-02,WMB,SELL,28.61,7.470371,42265.32
2022-05-02,VST,SELL,23.04,12.901272,42265.32
2022-05-02,WRB,SELL,39.87,3.437806,42265.32
2022-05-02,UNH,SELL,463.54,0.267672,42265.32
2022-05-02,TSLA,BUY,300.98,0.691476,42265.32
2022-05-02,VLO,BUY,102.31,20.655164,42265.32
2022-05-02,SNPS,BUY,290.71,0.437829,42265.32
2022-05-02,WELL,BUY,81.41,25.956741,42265.32
2022-05-02,UDR,BUY,43.5,2.114588,42265.32
2022-05-02,TMO,BUY,538.71,3.922809,42265.32
2022-05-02,WST,BUY,308.61,1.292892,42265.32
2022-05-02,SRE,BUY,69.93,30.220771,42265.32
2022-05-02,UNP,BUY,211.04,10.013461,42265.32
2022-05-02,TSCO,BUY,38.13,55.428961,42265.32
2022-05-02,ULTA,BUY,405.55,5.210865,42265.32
2022-05-02,GWW,BUY,471.2,4.484856,42265.32
2022-05-02,VRTX,BUY,261.96,8.067133,42265.32
2022-06-01,WST,SELL,304.98,6.847801,42958.52
2022-06-01,ULTA,SELL,407.32,5.210865,42958.52
2022-06-01,TSCO,SELL,35.42,55.428961,42958.52
2022-06-01,UDR,SELL,40.28,48.575855,42958.52
2022-06-01,UNP,SELL,201.76,10.013461,42958.52
2022-06-01,GWW,SELL,476.32,4.484856,42958.52
2022-06-01,SNPS,SELL,316.86,7.269328,42958.52
2022-06-01,VST,SELL,24.16,2.851586,42958.52
2022-06-01,VLO,SELL,117.26,2.337084,42958.52
2022-06-01,WMB,SELL,31.13,4.86648,42958.52
2022-06-01,WRB,SELL,42.57,2.545778,42958.52
2022-06-01,VRTX,SELL,269.41,0.094431,42958.52
2022-06-01,SLB,SELL,42.48,9.029533,42958.52
2022-06-01,SRE,SELL,71.62,0.229426,42958.52
2022-06-01,TMO,SELL,549.28,0.012362,42958.52
2022-06-01,TRGP,BUY,68.41,0.169709,42958.52
2022-06-01,STLD,BUY,78.86,0.330584,42958.52
2022-06-01,TSLA,BUY,246.79,1.682172,42958.52
2022-06-01,UNH,BUY,455.58,0.155678,42958.52
2022-06-01,WELL,BUY,80.2,0.825547,42958.52
2022-06-01,SMCI,BUY,5.17,415.459525,42958.52
2022-06-01,TSN,BUY,77.06,27.872936,42958.52
2022-06-01,VRSK,BUY,166.26,12.919221,42958.52
2022-06-01,WM,BUY,148.3,14.483407,42958.52
2022-06-01,SO,BUY,65.38,32.851808,42958.52
2022-06-01,STE,BUY,212.91,10.088648,42958.52
2022-06-01,SBAC,BUY,308.42,6.964384,42958.52
2022-07-01,SBAC,SELL,307.84,6.964384,39727.05
2022-07-01,WM,SELL,146.21,14.483407,39727.05
2022-07-01,WELL,SELL,75.7,26.782289,39727.05
2022-07-01,STE,SELL,203.21,10.088648,39727.05
2022-07-01,VRSK,SELL,170.54,12.919221,39727.05
2022-07-01,TSLA,SELL,227.26,8.703456,39727.05
2022-07-01,TMO,SELL,541.75,3.910446,39727.05
2022-07-01,WRB,SELL,42.16,3.346679,39727.05
2022-07-01,VRTX,SELL,287.32,1.059323,39727.05
2022-07-01,SO,SELL,63.3,1.470164,39727.05
2022-07-01,SRE,SELL,67.26,0.457118,39727.05
2022-07-01,UNH,SELL,480.28,0.578806,39727.05
2022-07-01,TSN,SELL,74.53,1.222865,39727.05
2022-07-01,VLO,BUY,95.52,2.47665,39727.05
2022-07-01,TRGP,BUY,55.59,4.335552,39727.05
2022-07-01,SLB,BUY,32.44,10.664014,39727.05
2022-07-01,STLD,BUY,62.51,4.537014,39727.05
2022-07-01,WMB,BUY,26.32,6.466047,39727.05
2022-07-01,VST,BUY,21.96,1.570797,39727.05
2022-07-01,SMCI,BUY,3.91,92.169474,39727.05
2022-07-01,WY,BUY,29.5,67.330525,39727.05
2022-07-01,WEC,BUY,89.24,22.258351,39727.05
2022-07-01,ULTA,BUY,382.85,5.18833,39727.05
2022-07-01,TRV,BUY,158.76,12.511718,39727.05
2022-07-01,XEL,BUY,63.67,31.198467,39727.05
2022-07-01,SNPS,BUY,301.23,6.594138,39727.05
2022-07-01,TKO,BUY,58.68,33.851883,39727.05
2022-08-01,XEL,SELL,64.16,31.198467,42458.65
2022-08-01,WY,SELL,32.04,67.330525,42458.65
2022-08-01,TRGP,SELL,62.68,1.863574,42458.65
2022-08-01,WMB,SELL,28.6,1.239764,42458.65
2022-08-01,TKO,SELL,66.32,1.842396,42458.65
2022-08-01,VST,SELL,23.85,1.442756,42458.65
2022-08-01,SRE,SELL,73.0,0.451791,42458.65
2022-08-01,SMCI,SELL,5.52,123.318248,42458.65
2022-08-01,SNPS,SELL,370.01,0.856638,42458.65
2022-08-01,STLD,SELL,73.04,2.708652,42458.65
2022-08-01,VLO,BUY,97.88,0.893555,42458.65
2022-08-01,WRB,BUY,37.34,9.747906,42458.65
2022-08-01,VRTX,BUY,273.83,0.83936,42458.65
2022-08-01,UNH,BUY,496.97,0.135931,42458.65
2022-08-01,SLB,BUY,33.12,2.861706,42458.65
2022-08-01,TSN,BUY,77.09,0.889169,42458.65
2022-08-01,ULTA,BUY,394.28,0.195997,42458.65
2022-08-01,SYY,BUY,77.1,27.533907,42458.65
2022-08-01,SO,BUY,66.36,0.609406,42458.65
2022-08-01,TRV,BUY,144.93,2.136147,42458.65
2022-08-01,TSCO,BUY,36.02,58.943962,42458.65
2022-08-01,WEC,BUY,90.38,1.230512,42458.65
2022-09-01,ULTA,SELL,424.25,5.384328,42552.89
2022-09-01,TSCO,SELL,35.11,58.943962,42552.89
2022-09-01,SYY,SELL,73.38,27.533907,42552.89
2022-09-01,TRV,SELL,151.45,14.647865,42552.89
2022-09-01,VLO,SELL,98.73,0.138445,42552.89
2022-09-01,SMCI,SELL,6.33,48.189939,42552.89
2022-09-01,VRTX,SELL,290.2,0.421091,42552.89
2022-09-01,SLB,SELL,33.53,0.642123,42552.89
2022-09-01,SRE,SELL,74.16,0.393447,42552.89
2022-09-01,WRB,SELL,39.5,2.995687,42552.89
2022-09-01,SO,SELL,68.77,1.052139,42552.89
2022-09-01,WEC,SELL,91.68,0.280603,42552.89
2022-09-01,TRGP,BUY,61.96,0.466633,42552.89
2022-09-01,WMB,BUY,28.25,1.095263,42552.89
2022-09-01,VST,BUY,23.47,1.627299,42552.89
2022-09-01,TPL,BUY,191.13,11.132081,42552.89
2022-09-01,TKO,BUY,63.31,1.596652,42552.89
2022-09-01,UNH,BUY,486.4,0.102461,42552.89
2022-09-01,GWW,BUY,538.4,3.951806,42552.89
2022-09-01,TSLA,BUY,277.16,7.676594,42552.89
2022-09-01,STLD,BUY,73.0,0.079583,42552.89
2022-09-01,VICI,BUY,26.54,80.158045,42552.89
2022-09-01,TSN,BUY,65.81,4.790837,42552.89
2022-09-01,SNPS,BUY,332.49,0.661624,42552.89
2022-10-03,TSN,SELL,58.69,32.330076,40505.46
2022-10-03,TSLA,SELL,242.4,7.676594,40505.46
2022-10-03,SNPS,SELL,316.98,6.399124,40505.46
2022-10-03,VLO,SELL,100.22,1.341889,40505.46
2022-10-03,VRTX,SELL,297.43,0.522407,40505.46
2022-10-03,TPL,SELL,199.59,0.985077,40505.46
2022-10-03,STLD,SELL,71.49,0.817994,40505.46
2022-10-03,WRB,SELL,40.42,3.758293,40505.46
2022-10-03,UNH,SELL,480.02,0.155132,40505.46
2022-10-03,SLB,SELL,35.01,5.606416,40505.46
2022-10-03,TKO,SELL,67.75,3.714678,40505.46
2022-10-03,SMCI,BUY,5.71,18.754414,40505.46
2022-10-03,VST,BUY,20.34,8.943709,40505.46
2022-10-03,GWW,BUY,489.85,0.18267,40505.46
2022-10-03,TRGP,BUY,57.69,0.76628,40505.46
2022-10-03,WMB,BUY,25.08,5.442095,40505.46
2022-10-03,SRE,BUY,68.95,0.685192,40505.46
2022-10-03,SO,BUY,60.88,2.329382,40505.46
2022-10-03,XEL,BUY,57.83,35.021782,40505.46
2022-10-03,VICI,BUY,24.78,1.585852,40505.46
2022-10-03,WEC,BUY,81.12,1.758102,40505.46
2022-10-03,SJM,BUY,121.97,16.604094,40505.46
2022-10-03,UNP,BUY,183.59,11.031583,40505.46
2022-11-01,UNP,SELL,180.43,11.031583,44852.63
2022-11-01,XEL,SELL,58.15,35.021782,44852.63
2022-11-01,SMCI,SELL,7.19,42.791776,44852.63
2022-11-01,VLO,SELL,116.01,0.876174,44852.63
2022-11-01,TPL,SELL,250.53,1.195497,44852.63
2022-11-01,WRB,SELL,45.84,1.181083,44852.63
2022-11-01,SLB,SELL,47.13,10.254959,44852.63
2022-11-01,STLD,SELL,91.71,3.87507,44852.63
2022-11-01,WMB,SELL,28.49,2.056608,44852.63
2022-11-01,GWW,SELL,572.85,0.21964,44852.63
2022-11-01,VRTX,BUY,314.2,0.32835,44852.63
2022-11-01,SRE,BUY,67.32,3.940736,44852.63
2022-11-01,TMUS,BUY,145.62,15.400104,44852.63
2022-11-01,TKO,BUY,73.96,0.432583,44852.63
2022-11-01,SJM,BUY,130.5,0.581383,44852.63
2022-11-01,SO,BUY,57.21,5.93157,44852.63
2022-11-01,TRGP,BUY,63.08,0.450831,44852.63
2022-11-01,UNH,BUY,509.63,0.18136,44852.63
2022-11-01,VST,BUY,21.66,3.937447,44852.63
2022-11-01,ULTA,BUY,422.0,5.314293,44852.63
2022-11-01,VICI,BUY,26.53,2.793927,44852.63
2022-11-01,WEC,BUY,80.55,2.874898,44852.63
2022-12-01,ULTA,SELL,472.53,5.314293,47341.73
2022-12-01,WEC,SELL,85.92,27.84126,47341.73
2022-12-01,TPL,SELL,273.64,0.301259,47341.73
2022-12-01,SMCI,SELL,9.05,50.55579,47341.73
2022-12-01,STLD,SELL,99.69,0.710153,47341.73
2022-12-01,TRGP,SELL,69.02,1.256409,47341.73
2022-12-01,SRE,SELL,74.33,1.467368,47341.73
2022-12-01,VST,SELL,23.24,1.649408,47341.73
2022-12-01,VLO,BUY,118.65,0.619167,47341.73
2022-12-01,SLB,BUY,47.32,2.437031,47341.73
2022-12-01,VRTX,BUY,320.76,0.242027,47341.73
2022-12-01,TKO,BUY,74.33,1.521001,47341.73
2022-12-01,WRB,BUY,45.85,2.701211,47341.73
2022-12-01,TMUS,BUY,145.17,0.904957,47341.73
2022-12-01,WMB,BUY,29.75,0.846992,47341.73
2022-12-01,TRV,BUY,176.42,13.417606,47341.73
2022-12-01,SYY,BUY,77.64,30.487099,47341.73
2022-12-01,UNH,BUY,499.95,0.334174,47341.73
2022-12-01,VICI,BUY,27.47,1.634553,47341.73
2022-12-01,SJM,BUY,135.46,0.288337,47341.73
2022-12-01,GWW,BUY,584.69,0.133645,47341.73
2022-12-01,SO,BUY,59.75,0.417997,47341.73
2023-01-03,UNH,SELL,484.43,4.734656,44344.88
2023-01-03,SO,SELL,63.44,39.61786,44344.88
2023-01-03,SLB,SELL,47.24,3.090463,44344.88
2023-01-03,TRGP,SELL,65.06,0.215812,44344.88
2023-01-03,WRB,SELL,44.25,1.518694,44344.88
2023-01-03,TRV,SELL,175.4,0.776521,44344.88
2023-01-03,VICI,SELL,26.06,1.104371,44344.88
2023-01-03,SJM,SELL,139.91,1.626024,44344.88
2023-01-03,TPL,BUY,225.17,1.196512,44344.88
2023-01-03,SMCI,BUY,8.39,2.870621,44344.88
2023-01-03,VLO,BUY,107.87,0.603673,44344.88
2023-01-03,STLD,BUY,90.56,0.740917,44344.88
2023-01-03,TKO,BUY,64.54,2.508195,44344.88
2023-01-03,VRTX,BUY,286.02,0.37244,44344.88
2023-01-03,WMB,BUY,27.74,0.366385,44344.88
2023-01-03,TMUS,BUY,132.96,0.370572,44344.88
2023-01-03,SRE,BUY,68.82,0.368542,44344.88
2023-01-03,GWW,BUY,538.88,0.066031,44344.88
2023-01-03,SNA,BUY,209.19,10.599174,44344.88
2023-01-03,ULTA,BUY,471.63,4.701236,44344.88
2023-01-03,SYY,BUY,68.57,1.846892,44344.88
2023-01-03,VST,BUY,21.26,2.392256,44344.88
2023-02-01,VST,SELL,22.15,104.267937,47220.96
2023-02-01,SYY,SELL,70.77,32.333991,47220.96
2023-02-01,SNA,SELL,228.33,10.599174,47220.96
2023-02-01,STLD,SELL,119.25,4.684621,47220.96
2023-02-01,VLO,SELL,122.42,1.268096,47220.96
2023-02-01,SLB,SELL,51.1,0.724522,47220.96
2023-02-01,TKO,SELL,81.13,5.249469,47220.96
2023-02-01,TMUS,SELL,144.37,0.321677,47220.96
2023-02-01,ULTA,SELL,523.59,0.191891,47220.96
2023-02-01,VICI,SELL,28.3,1.630757,47220.96
2023-02-01,VRTX,SELL,317.27,0.310297,47220.96
2023-02-01,GWW,SELL,579.71,0.04172,47220.96
2023-02-01,TPL,BUY,208.9,1.455353,47220.96
2023-02-01,SMCI,BUY,7.97,31.695014,47220.96
2023-02-01,WRB,BUY,42.41,5.568701,47220.96
2023-02-01,TRGP,BUY,69.0,0.138334,47220.96
2023-02-01,ROST,BUY,114.25,20.66641,47220.96
2023-02-01,SJM,BUY,133.83,1.794613,47220.96
2023-02-01,WMB,BUY,27.49,5.958428,47220.96
2023-02-01,TRV,BUY,173.63,0.957214,47220.96
2023-02-01,SRE,BUY,71.59,0.76555,47220.96
2023-02-01,UNH,BUY,464.21,5.086129,47220.96
2023-02-01,WAB,BUY,102.53,23.028301,47220.96
2023-03-01,SRE,SELL,66.2,32.981642,46924.15
2023-03-01,WAB,SELL,103.1,23.028301,46924.15
2023-03-01,SJM,SELL,128.7,17.642404,46924.15
2023-03-01,UNH,SELL,443.87,5.086129,46924.15
2023-03-01,WMB,SELL,25.83,85.883796,46924.15
2023-03-01,TRV,SELL,172.52,13.598298,46924.15
2023-03-01,SMCI,SELL,10.2,66.072964,46924.15
2023-03-01,VLO,SELL,126.08,0.678115,46924.15
2023-03-01,STLD,SELL,122.86,0.703499,46924.15
2023-03-01,GWW,SELL,652.13,0.475044,46924.15
2023-03-01,TRGP,SELL,70.58,0.977306,46924.15
2023-03-01,TPL,BUY,192.27,0.900724,46924.15
2023-03-01,SLB,BUY,50.59,0.167744,46924.15
2023-03-01,TKO,BUY,78.74,0.691563,46924.15
2023-03-01,VRTX,BUY,291.23,0.614438,46924.15
2023-03-01,ULTA,BUY,516.02,0.037392,46924.15
2023-03-01,URI,BUY,452.59,5.183942,46924.15
2023-03-01,ROST,BUY,106.68,1.326785,46924.15
2023-03-01,VICI,BUY,27.67,1.370012,46924.15
2023-03-01,TJX,BUY,73.56,31.896634,46924.15
2023-03-01,SBUX,BUY,93.63,25.057564,46924.15
2023-03-01,TMUS,BUY,135.11,1.010595,46924.15
2023-03-01,WYNN,BUY,108.55,21.613269,46924.15
2023-03-01,SNA,BUY,227.02,10.334861,46924.15
2023-03-01,WRB,BUY,41.29,1.155508,46924.15
2023-03-01,TT,BUY,178.8,13.122034,46924.15
2023-04-03,WRB,SELL,38.64,56.828647,46905.26
2023-04-03,TRGP,SELL,69.76,33.24291,46905.26
2023-04-03,TMUS,SELL,140.35,17.36455,46905.26
2023-04-03,VRTX,SELL,316.33,8.0562,46905.26
2023-04-03,SMCI,SELL,11.27,21.959391,46905.26
2023-04-03,WYNN,SELL,109.63,0.220305,46905.26
2023-04-03,TKO,SELL,84.17,1.931485,46905.26
2023-04-03,TPL,SELL,192.59,0.025043,46905.26
2023-04-03,GWW,SELL,663.95,0.06546,46905.26
2023-04-03,ULTA,SELL,551.19,0.291829,46905.26
2023-04-03,TJX,SELL,75.47,0.821446,46905.26
2023-04-03,SBUX,SELL,96.79,0.827086,46905.26
2023-04-03,STLD,BUY,108.1,2.598837,46905.26
2023-04-03,VLO,BUY,125.4,0.094557,46905.26
2023-04-03,URI,BUY,376.42,1.046482,46905.26
2023-04-03,SLB,BUY,48.23,2.249148,46905.26
2023-04-03,SNA,BUY,226.42,0.023065,46905.26
2023-04-03,ROST,BUY,105.05,0.331971,46905.26
2023-04-03,TT,BUY,177.63,0.081115,46905.26
2023-04-03,VICI,BUY,27.01,2.035369,46905.26
2023-04-03,XYL,BUY,100.36,23.367409,46905.26
2023-04-03,TDG,BUY,637.46,3.67905,46905.26
2023-04-03,VRT,BUY,13.92,168.487548,46905.26
2023-04-03,SJM,BUY,139.68,16.790547,46905.26
2023-05-01,ROST,SELL,102.27,22.325166,46609.39
2023-05-01,VICI,SELL,28.08,86.842629,46609.39
2023-05-01,VRT,SELL,14.77,168.487548,46609.39
2023-05-01,WYNN,SELL,111.82,0.552382,46609.39
2023-05-01,TKO,SELL,102.24,5.0691,46609.39
2023-05-01,GWW,SELL,676.38,0.086787,46609.39
2023-05-01,SBUX,SELL,105.75,2.19364,46609.39
2023-05-01,TT,SELL,181.5,0.362878,46609.39
2023-05-01,XYL,SELL,100.4,0.156287,46609.39
2023-05-01,TDG,SELL,657.49,0.134567,46609.39
2023-05-01,SJM,SELL,139.15,0.042168,46609.39
2023-05-01,SNA,SELL,240.94,0.685363,46609.39
2023-05-01,SMCI,BUY,10.51,13.656248,46609.39
2023-05-01,ULTA,BUY,532.88,0.118439,46609.39
2023-05-01,TPL,BUY,158.47,2.527884,46609.39
2023-05-01,STLD,BUY,99.75,1.667416,46609.39
2023-05-01,SNPS,BUY,371.62,6.271108,46609.39
2023-05-01,TJX,BUY,74.95,0.016887,46609.39
2023-05-01,VLO,BUY,104.47,3.605138,46609.39
2023-05-01,SLB,BUY,45.3,2.8195,46609.39
2023-05-01,URI,BUY,349.88,0.430291,46609.39
2023-05-01,VRTX,BUY,345.0,6.754983,46609.39
2023-05-01,TSCO,BUY,44.98,51.815053,46609.39
2023-06-01,SNA,SELL,233.43,9.672562,46297.42
2023-06-01,VLO,SELL,96.77,22.308101,46297.42
2023-06-01,SLB,SELL,41.46,51.444936,46297.42
2023-06-01,TPL,SELL,142.61,14.705677,46297.42
2023-06-01,URI,SELL,329.69,6.660715,46297.42
2023-06-01,SNPS,SELL,454.55,6.271108,46297.42
2023-06-01,SMCI,SELL,23.1,121.515001,46297.42
2023-06-01,TDG,SELL,665.15,0.064264,46297.42
2023-06-01,WYNN,BUY,93.54,3.906734,46297.42
2023-06-01,TKO,BUY,93.91,1.856431,46297.42
2023-06-01,SBUX,BUY,90.47,3.549893,46297.42
2023-06-01,GWW,BUY,638.65,0.17911,46297.42
2023-06-01,TT,BUY,161.17,1.522863,46297.42
2023-06-01,VRT,BUY,19.33,119.756113,46297.42
2023-06-01,UBER,BUY,38.48,60.157766,46297.42
2023-06-01,ULTA,BUY,403.83,1.358943,46297.42
2023-06-01,SYK,BUY,269.86,8.577938,46297.42
2023-06-01,TSCO,BUY,39.02,7.505934,46297.42
2023-06-01,ROST,BUY,97.57,23.724031,46297.42
2023-06-01,VRSN,BUY,219.94,10.524848,46297.42
2023-06-01,VRTX,BUY,323.62,0.398069,46297.42
2023-06-01,SJM,BUY,129.22,1.165598,46297.42
2023-06-01,TJX,BUY,73.67,0.33105,46297.42
2023-06-01,XYL,BUY,98.45,0.300942,46297.42
2023-06-01,STLD,BUY,88.04,2.930404,46297.42
2023-06-01,CRM,BUY,209.28,11.061152,46297.42
2023-07-03,VRTX,SELL,347.57,7.153052,51222.2
2023-07-03,CRM,SELL,208.05,11.061152,51222.2
2023-07-03,TT,SELL,185.73,14.363134,51222.2
2023-07-03,ULTA,SELL,477.35,5.732291,51222.2
2023-07-03,SJM,SELL,134.12,17.913976,51222.2
2023-07-03,TSCO,SELL,41.81,59.320987,51222.2
2023-07-03,XYL,SELL,107.81,23.512064,51222.2
2023-07-03,SBUX,SELL,91.98,25.586731,51222.2
2023-07-03,VRT,SELL,24.78,16.402637,51222.2
2023-07-03,UBER,SELL,43.09,0.721474,51222.2
2023-07-03,TDG,SELL,766.27,0.137921,51222.2
2023-07-03,GWW,SELL,762.67,0.266524,51222.2
2023-07-03,STLD,SELL,106.24,2.186123,51222.2
2023-07-03,SMCI,BUY,24.92,2.571083,51222.2
2023-07-03,RCL,BUY,100.36,25.519214,51222.2
2023-07-03,WYNN,BUY,103.37,0.028514,51222.2
2023-07-03,TTD,BUY,77.45,33.067914,51222.2
2023-07-03,TKO,BUY,102.42,0.353735,51222.2
2023-07-03,SNPS,BUY,434.01,5.901039,51222.2
2023-07-03,WDAY,BUY,224.59,11.40349,51222.2
2023-07-03,ROST,BUY,107.82,0.030098,51222.2
2023-07-03,URI,BUY,435.94,5.87495,51222.2
2023-07-03,TJX,BUY,80.96,0.21019,51222.2
2023-07-03,VMC,BUY,218.4,11.72645,51222.2
2023-07-03,SYK,BUY,289.41,0.271513,51222.2
2023-07-03,UAL,BUY,55.06,46.514889,51222.2
2023-07-03,VRSN,BUY,219.58,1.138885,51222.2
2023-07-03,SNA,BUY,265.01,9.664124,51222.2
2023-08-01,SNPS,SELL,453.51,5.901039,52820.89
2023-08-01,VRSN,SELL,208.24,11.663733,52820.89
2023-08-01,SNA,SELL,254.06,9.664124,52820.89
2023-08-01,SMCI,SELL,33.76,24.534002,52820.89
2023-08-01,RCL,SELL,104.48,0.242041,52820.89
2023-08-01,VRT,SELL,26.43,3.442973,52820.89
2023-08-01,UBER,SELL,46.65,2.82226,52820.89
2023-08-01,TTD,SELL,90.05,3.739268,52820.89
2023-08-01,WDAY,SELL,239.8,0.38996,52820.89
2023-08-01,URI,SELL,460.59,0.140897,52820.89
2023-08-01,WYNN,BUY,105.81,0.183359,52820.89
2023-08-01,TKO,BUY,98.2,1.890541,52820.89
2023-08-01,UAL,BUY,53.26,3.072884,52820.89
2023-08-01,TDG,BUY,771.55,0.080719,52820.89
2023-08-01,GWW,BUY,706.88,0.37809,52820.89
2023-08-01,SYK,BUY,271.22,0.888237,52820.89
2023-08-01,STLD,BUY,102.61,1.630609,52820.89
2023-08-01,UHS,BUY,137.39,19.223587,52820.89
2023-08-01,TJX,BUY,83.01,0.182834,52820.89
2023-08-01,ROST,BUY,110.59,0.126797,52820.89
2023-08-01,VMC,BUY,219.02,0.331978,52820.89
2023-08-01,SLB,BUY,53.39,49.470371,52820.89
2023-08-01,ZBH,BUY,128.63,20.532494,52820.89
2023-09-01,ZBH,SELL,116.16,20.532494,53255.01
2023-09-01,VMC,SELL,218.41,12.058428,53255.01
2023-09-01,VRT,SELL,39.73,32.882406,53255.01
2023-09-01,UBER,SELL,47.04,0.007946,53255.01
2023-09-01,URI,SELL,478.73,0.171939,53255.01
2023-09-01,SLB,SELL,55.71,1.675774,53255.01
2023-09-01,TDG,SELL,778.98,0.004777,53255.01
2023-09-01,WDAY,SELL,248.49,0.297807,53255.01
2023-09-01,TJX,SELL,89.38,2.024595,53255.01
2023-09-01,SYK,SELL,276.25,0.098757,53255.01
2023-09-01,ROST,SELL,118.4,1.391101,53255.01
2023-09-01,SMCI,BUY,28.22,16.130963,53255.01
2023-09-01,RCL,BUY,95.01,2.748411,53255.01
2023-09-01,WYNN,BUY,98.8,1.990736,53255.01
2023-09-01,TKO,BUY,98.69,0.086212,53255.01
2023-09-01,UAL,BUY,49.72,3.96714,53255.01
2023-09-01,TTD,BUY,79.93,3.984882,53255.01
2023-09-01,CRM,BUY,217.76,12.227768,53255.01
2023-09-01,UHS,BUY,132.96,0.803753,53255.01
2023-09-01,WAB,BUY,111.92,23.79118,53255.01
2023-09-01,GWW,BUY,694.53,0.097725,53255.01
2023-09-01,STLD,BUY,102.9,0.138967,53255.01
2023-10-02,CRM,SELL,200.25,12.227768,49824.92
2023-10-02,WAB,SELL,103.79,23.79118,49824.92
2023-10-02,TTD,SELL,78.31,33.313529,49824.92
2023-10-02,SYK,SELL,266.7,9.638932,49824.92
2023-10-02,SMCI,SELL,28.89,8.126162,49824.92
2023-10-02,VRT,SELL,38.27,1.933484,49824.92
2023-10-02,RCL,SELL,89.18,0.089463,49824.92
2023-10-02,UBER,SELL,45.68,2.069176,49824.92
2023-10-02,SLB,SELL,53.92,1.588877,49824.92
2023-10-02,STLD,SELL,102.36,1.538781,49824.92
2023-10-02,TJX,SELL,85.56,0.674179,49824.92
2023-10-02,UHS,SELL,124.74,0.055121,49824.92
2023-10-02,GWW,SELL,678.74,0.163487,49824.92
2023-10-02,ROST,SELL,111.36,0.119557,49824.92
2023-10-02,URI,BUY,426.29,0.281868,49824.92
2023-10-02,TDG,BUY,704.67,0.117108,49824.92
2023-10-02,TKO,BUY,83.28,2.932411,49824.92
2023-10-02,WST,BUY,367.43,6.780272,49824.92
2023-10-02,WDAY,BUY,213.66,0.944138,49824.92
2023-10-02,WYNN,BUY,90.05,0.716738,49824.92
2023-10-02,UAL,BUY,41.62,6.302034,49824.92
2023-10-02,NOW,BUY,111.05,22.434362,49824.92
2023-10-02,SNPS,BUY,463.82,5.371148,49824.92
2023-10-02,VST,BUY,31.76,78.437049,49824.92
2023-11-01,UHS,SELL,123.89,19.97222,48697.16
2023-11-01,ROST,SELL,112.83,22.370268,48697.16
2023-11-01,SLB,SELL,51.98,46.20572,48697.16
2023-11-01,UAL,SELL,34.81,59.856948,48697.16
2023-11-01,TKO,SELL,80.72,29.91408,48697.16
2023-11-01,GWW,SELL,725.13,3.670418,48697.16
2023-11-01,TJX,SELL,84.96,29.117375,48697.16
2023-11-01,STLD,SELL,104.97,24.337654,48697.16
2023-11-01,VRT,SELL,40.08,4.351615,48697.16
2023-11-01,SNPS,SELL,475.38,0.24923,48697.16
2023-11-01,VST,SELL,33.13,4.938579,48697.16
2023-11-01,TDG,SELL,708.05,0.09654,48697.16
2023-11-01,WDAY,SELL,211.46,0.145355,48697.16
2023-11-01,NOW,SELL,118.7,1.920968,48697.16
2023-11-01,SMCI,BUY,25.23,10.273862,48697.16
2023-11-01,UBER,BUY,43.83,1.015397,48697.16
2023-11-01,RCL,BUY,82.92,1.426588,48697.16
2023-11-01,WST,BUY,318.94,0.853899,48697.16
2023-11-01,TTD,BUY,70.76,34.410086,48697.16
2023-11-01,WYNN,BUY,84.51,1.143503,48697.16
2023-11-01,URI,BUY,399.11,0.256753,48697.16
2023-11-01,STX,BUY,67.16,36.251994,48697.16
2023-11-01,WELL,BUY,80.88,30.106299,48697.16
2023-11-01,PH,BUY,359.28,6.777027,48697.16
2023-11-01,WDC,BUY,31.41,77.529109,48697.16
2023-11-01,VRSK,BUY,217.99,11.169744,48697.16
2023-11-01,TT,BUY,208.16,11.697315,48697.16
2023-11-01,STE,BUY,207.65,11.725626,48697.16
2023-12-01,TT,SELL,222.58,11.697315,55085.67
2023-12-01,WDC,SELL,36.41,77.529109,55085.67
2023-12-01,STE,SELL,198.96,11.725626,55085.67
2023-12-01,WYNN,SELL,83.01,28.810166,55085.67
2023-12-01,UBER,SELL,57.35,7.526436,55085.67
2023-12-01,RCL,SELL,107.68,3.784971,55085.67
2023-12-01,NOW,SELL,138.16,0.577642,55085.67
2023-12-01,SNPS,SELL,545.96,0.077074,55085.67
2023-12-01,TDG,SELL,859.87,0.235653,55085.67
2023-12-01,PH,SELL,422.51,0.258164,55085.67
2023-12-01,WDAY,SELL,272.92,1.422599,55085.67
2023-12-01,URI,SELL,490.78,0.488638,55085.67
2023-12-01,VRT,BUY,44.98,0.494832,55085.67
2023-12-01,SMCI,BUY,26.96,5.632563,55085.67
2023-12-01,VST,BUY,35.42,4.25684,55085.67
2023-12-01,WST,BUY,349.01,0.25764,55085.67
2023-12-01,STX,BUY,74.65,0.643678,55085.67
2023-12-01,TTD,BUY,71.6,4.057564,55085.67
2023-12-01,WSM,BUY,93.91,29.327912,55085.67
2023-12-01,TTWO,BUY,157.84,17.449846,55085.67
2023-12-01,CRM,BUY,255.58,10.77667,55085.67
2023-12-01,VRSK,BUY,238.07,0.399277,55085.67
2023-12-01,GWW,BUY,787.08,3.49938,55085.67
2023-12-01,WELL,BUY,85.3,2.184724,55085.67
2024-01-02,URI,SELL,554.61,5.612097,56178.85
2024-01-02,VRSK,SELL,233.74,11.569021,56178.85
2024-01-02,SMCI,SELL,28.55,3.746474,56178.85
2024-01-02,RCL,SELL,116.83,1.535546,56178.85
2024-01-02,WSM,SELL,97.49,0.515452,56178.85
2024-01-02,TDG,SELL,879.3,0.008635,56178.85
2024-01-02,STX,SELL,78.62,1.165638,56178.85
2024-01-02,PH,SELL,447.26,0.238513,56178.85
2024-01-02,VST,SELL,37.38,2.611716,56178.85
2024-01-02,VRT,BUY,45.5,0.496865,56178.85
2024-01-02,UBER,BUY,58.38,0.08894,56178.85
2024-01-02,TSLA,BUY,248.42,11.307233,56178.85
2024-01-02,NOW,BUY,137.5,0.492329,56178.85
2024-01-02,CRM,BUY,251.77,0.379926,56178.85
2024-01-02,SNPS,BUY,498.97,0.584637,56178.85
2024-01-02,WDAY,BUY,268.28,0.378283,56178.85
2024-01-02,TTD,BUY,70.59,1.324713,56178.85
2024-01-02,TTWO,BUY,159.26,0.18762,56178.85
2024-01-02,WDC,BUY,38.27,73.402386,56178.85
2024-01-02,WST,BUY,345.93,0.228167,56178.85
2024-01-02,GWW,BUY,796.54,0.027054,56178.85
2024-01-02,WELL,BUY,86.04,0.356169,56178.85
2024-02-01,STX,SELL,82.52,35.730034,62925.23
2024-02-01,WELL,SELL,84.12,32.647192,62925.23
2024-02-01,WDC,SELL,43.19,73.402386,62925.23
2024-02-01,SMCI,SELL,58.35,44.483516,62925.23
2024-02-01,VRT,SELL,59.28,8.658236,62925.23
2024-02-01,UBER,SELL,66.73,0.965686,62925.23
2024-02-01,VST,SELL,42.48,1.073961,62925.23
2024-02-01,NOW,SELL,154.2,0.024311,62925.23
2024-02-01,TDG,SELL,986.96,0.006681,62925.23
2024-02-01,GWW,SELL,903.69,0.044872,62925.23
2024-02-01,RCL,BUY,123.47,1.44058,62925.23
2024-02-01,CRM,BUY,278.97,0.121391,62925.23
2024-02-01,WSM,BUY,94.87,4.350074,62925.23
2024-02-01,WDAY,BUY,294.0,0.231378,62925.23
2024-02-01,SNPS,BUY,540.0,0.196928,62925.23
2024-02-01,PH,BUY,480.15,0.272263,62925.23
2024-02-01,TSLA,BUY,188.86,5.351992,62925.23
2024-02-01,TTWO,BUY,166.33,1.278311,62925.23
2024-02-01,TTD,BUY,67.21,7.020036,62925.23
2024-02-01,TT,BUY,264.85,11.879204,62925.23
2024-02-01,SHW,BUY,302.35,10.405996,62925.23
2024-02-01,WST,BUY,378.68,0.188419,62925.23
2024-02-01,VRSK,BUY,242.22,12.989132,62925.23
2024-03-01,TTD,SELL,83.89,46.812399,69567.58
2024-03-01,WST,SELL,356.07,8.308397,69567.58
2024-03-01,GWW,SELL,962.64,3.481562,69567.58
2024-03-01,TSLA,SELL,202.64,16.659225,69567.58
2024-03-01,SMCI,SELL,90.55,15.505749,69567.58
2024-03-01,VRT,SELL,70.35,3.635278,69567.58
2024-03-01,UBER,SELL,81.03,4.222072,69567.58
2024-03-01,VST,SELL,53.51,9.069795,69567.58
2024-03-01,CRM,SELL,311.49,0.11112,69567.58
2024-03-01,WSM,SELL,113.98,2.643987,69567.58
2024-03-01,NOW,BUY,154.73,2.077126,69567.58
2024-03-01,RCL,BUY,120.84,3.302102,69567.58
2024-03-01,WDAY,BUY,291.92,1.213952,69567.58
2024-03-01,WDC,BUY,48.38,71.896805,69567.58
2024-03-01,TTWO,BUY,150.34,4.220973,69567.58
2024-03-01,TDG,BUY,1048.63,0.129234,69567.58
2024-03-01,VRTX,BUY,432.76,8.037663,69567.58
2024-03-01,SNPS,BUY,591.35,0.055689,69567.58
2024-03-01,VRSK,BUY,237.34,1.666474,69567.58
2024-03-01,STX,BUY,92.37,37.655897,69567.58
2024-03-01,SHW,BUY,328.66,0.177378,69567.58
2024-03-01,TT,BUY,280.59,0.517269,69567.58
2024-03-01,URI,BUY,686.85,5.064281,69567.58
2024-03-01,PH,BUY,523.86,0.087256,69567.58
2024-04-01,VRTX,SELL,420.48,8.037663,72963.91
2024-04-01,VRSK,SELL,229.01,14.655606,72963.91
2024-04-01,TTWO,SELL,150.0,23.136751,72963.91
2024-04-01,SMCI,SELL,103.71,3.239556,72963.91
2024-04-01,VRT,SELL,80.18,3.941566,72963.91
2024-04-01,VST,SELL,70.48,13.236205,72963.91
2024-04-01,WSM,SELL,151.68,6.467209,72963.91
2024-04-01,RCL,SELL,136.69,2.095699,72963.91
2024-04-01,WDC,SELL,53.31,3.461236,72963.91
2024-04-01,UBER,BUY,76.4,4.824198,72963.91
2024-04-01,URI,BUY,696.22,0.175738,72963.91
2024-04-01,NOW,BUY,153.67,1.258941,72963.91
2024-04-01,TDG,BUY,1075.81,0.074045,72963.91
2024-04-01,PH,BUY,543.75,0.069427,72963.91
2024-04-01,BBBY,BUY,36.07,101.142102,72963.91
2024-04-01,SHW,BUY,331.54,0.420511,72963.91
2024-04-01,TT,BUY,291.14,0.134174,72963.91
2024-04-01,VMC,BUY,265.24,13.754301,72963.91
2024-04-01,STX,BUY,87.97,3.815411,72963.91
2024-04-01,CRM,BUY,297.51,1.095655,72963.91
2024-04-01,WDAY,BUY,272.44,1.475301,72963.91
2024-04-01,SNPS,BUY,576.89,0.441803,72963.91
2024-04-01,WFC,BUY,54.74,66.651751,72963.91
2024-05-01,WFC,SELL,56.55,66.651751,67900.71
2024-05-01,WDAY,SELL,244.96,13.390822,67900.71
2024-05-01,SHW,SELL,297.4,11.003885,67900.71
2024-05-01,VRT,SELL,88.28,7.041448,67900.71
2024-05-01,VST,SELL,75.73,6.932594,67900.71
2024-05-01,RCL,SELL,133.74,1.303003,67900.71
2024-05-01,WDC,SELL,53.05,4.441865,67900.71
2024-05-01,PH,SELL,530.61,0.310972,67900.71
2024-05-01,TDG,SELL,1107.16,0.324691,67900.71
2024-05-01,STX,SELL,82.25,0.19279,67900.71
2024-05-01,TT,SELL,309.05,1.545191,67900.71
2024-05-01,VMC,SELL,255.44,0.463613,67900.71
2024-05-01,SMCI,BUY,73.83,10.8093,67900.71
2024-05-01,WSM,BUY,137.15,0.703225,67900.71
2024-05-01,UBER,BUY,67.79,2.330407,67900.71
2024-05-01,URI,BUY,640.93,0.056992,67900.71
2024-05-01,BBBY,BUY,20.16,67.262443,67900.71
2024-05-01,NOW,BUY,137.12,1.019398,67900.71
2024-05-01,SNPS,BUY,522.18,0.177756,67900.71
2024-05-01,VLO,BUY,145.6,23.317329,67900.71
2024-05-01,WRB,BUY,48.85,69.501893,67900.71
2024-05-01,CRM,BUY,264.47,0.574823,67900.71
2024-05-01,TRGP,BUY,107.28,31.645445,67900.71
2024-06-03,BBBY,SELL,0.0,168.404545,68970.39
2024-06-03,PH,SELL,521.54,6.398323,66422.43
2024-06-03,WRB,SELL,50.29,69.501893,66422.43
2024-06-03,NOW,SELL,132.02,24.759235,66422.43
2024-06-03,CRM,SELL,232.9,12.837344,66422.43
2024-06-03,VMC,SELL,248.47,13.290688,66422.43
2024-06-03,SNPS,SELL,561.18,6.501658,66422.43
2024-06-03,VRT,SELL,95.85,3.808277,66422.43
2024-06-03,SMCI,SELL,77.06,2.886072,66422.43
2024-06-03,VST,SELL,91.88,8.684164,66422.43
2024-06-03,WSM,SELL,143.95,1.683503,66422.43
2024-06-03,TT,SELL,315.45,0.457098,66422.43
2024-06-03,WDC,SELL,56.42,5.125203,66422.43
2024-06-03,RCL,SELL,146.82,2.765113,66422.43
2024-06-03,TRGP,SELL,111.22,1.78345,66422.43
2024-06-03,TDG,SELL,1186.81,0.268061,66422.43
2024-06-03,VLO,SELL,144.99,0.411302,66422.43
2024-06-03,STX,SELL,87.54,3.339248,66422.43
2024-06-03,URI,BUY,626.5,0.004083,66422.43
2024-06-03,UBER,BUY,63.79,1.981699,66422.43
2024-06-03,WAB,BUY,164.11,20.237096,66422.43
2024-06-03,WFC,BUY,56.7,58.570502,66422.43
2024-06-03,SYF,BUY,42.03,79.024978,66422.43
2024-06-03,STLD,BUY,128.54,25.836508,66422.43
2024-06-03,USB,BUY,36.1,92.003217,66422.43
2024-06-03,GWW,BUY,873.89,3.800374,66422.43
2024-06-03,SPG,BUY,135.95,24.429226,66422.43
2024-07-01,SYF,SELL,46.42,79.024978,67249.97
2024-07-01,USB,SELL,36.1,92.003217,67249.97
2024-07-01,GWW,SELL,881.4,3.800374,67249.97
2024-07-01,STLD,SELL,125.65,25.836508,67249.97
2024-07-01,SMCI,SELL,81.23,1.704659,67249.97
2024-07-01,WDC,SELL,57.47,0.359036,67249.97
2024-07-01,STX,SELL,98.84,3.919416,67249.97
2024-07-01,TRGP,SELL,125.28,3.022863,67249.97
2024-07-01,WFC,SELL,57.9,0.493674,67249.97
2024-07-01,RCL,SELL,152.16,0.523222,67249.97
2024-07-01,VLO,SELL,148.79,0.307691,67249.97
2024-07-01,UBER,SELL,71.1,4.770829,67249.97
2024-07-01,VRT,BUY,86.45,4.246592,67249.97
2024-07-01,VST,BUY,86.28,2.82541,67249.97
2024-07-01,WSM,BUY,133.9,2.041284,67249.97
2024-07-01,TT,BUY,316.14,0.107684,67249.97
2024-07-01,WAB,BUY,154.04,1.591731,67249.97
2024-07-01,SW,BUY,43.39,77.503036,67249.97
2024-07-01,URI,BUY,629.77,0.038155,67249.97
2024-07-01,TDG,BUY,1110.18,0.230431,67249.97
2024-07-01,TPL,BUY,238.94,14.072478,67249.97
2024-07-01,WRB,BUY,50.01,67.233702,67249.97
2024-07-01,SNPS,BUY,601.75,5.587866,67249.97
2024-07-01,SPG,BUY,133.12,0.829069,67249.97
2024-08-01,WRB,SELL,52.0,67.233702,65166.87
2024-08-01,SW,SELL,40.77,77.503036,65166.87
2024-08-01,VLO,SELL,148.33,22.598336,65166.87
2024-08-01,SPG,SELL,139.41,25.258296,65166.87
2024-08-01,SNPS,SELL,540.67,5.587866,65166.87
2024-08-01,WSM,SELL,140.72,1.957397,65166.87
2024-08-01,TT,SELL,327.92,0.69957,65166.87
2024-08-01,TRGP,SELL,130.62,1.894589,65166.87
2024-08-01,TPL,SELL,271.3,2.062166,65166.87
2024-08-01,TDG,SELL,1123.75,0.129278,65166.87
2024-08-01,URI,SELL,704.11,0.711664,65166.87
2024-08-01,WAB,SELL,155.19,0.83274,65166.87
2024-08-01,VRT,BUY,73.82,5.243485,65166.87
2024-08-01,VST,BUY,75.12,4.404926,65166.87
2024-08-01,SMCI,BUY,67.22,7.076174,65166.87
2024-08-01,WDC,BUY,45.54,13.033983,65166.87
2024-08-01,STX,BUY,95.53,0.088262,65166.87
2024-08-01,UBER,BUY,61.02,6.105429,65166.87
2024-08-01,RCL,BUY,144.01,0.527231,65166.87
2024-08-01,SYF,BUY,46.85,69.548153,65166.87
2024-08-01,NOW,BUY,162.28,20.079022,65166.87
2024-08-01,UHS,BUY,214.04,15.223366,65166.87
2024-08-01,VRTX,BUY,505.78,6.442215,65166.87
2024-08-01,WFC,BUY,54.35,1.87176,65166.87
2024-08-01,WM,BUY,199.97,16.293924,65166.87
2024-09-03,NOW,SELL,167.17,20.079022,65820.9
2024-09-03,TPL,SELL,269.03,12.010312,65820.9
2024-09-03,WM,SELL,203.2,16.293924,65820.9
2024-09-03,UBER,SELL,71.89,53.397956,65820.9
2024-09-03,VRT,SELL,75.02,0.268424,65820.9
2024-09-03,TT,SELL,340.56,0.272813,65820.9
2024-09-03,SYF,SELL,47.83,0.740876,65820.9
2024-09-03,UHS,SELL,234.71,1.201747,65820.9
2024-09-03,RCL,SELL,155.26,1.427614,65820.9
2024-09-03,TRGP,SELL,143.85,2.066077,65820.9
2024-09-03,WDC,SELL,47.45,2.181143,65820.9
2024-09-03,WFC,SELL,56.2,1.391333,65820.9
2024-09-03,TDG,SELL,1180.87,0.112552,65820.9
2024-09-03,WAB,SELL,162.73,0.772679,65820.9
2024-09-03,SMCI,BUY,44.18,26.025163,65820.9
2024-09-03,VST,BUY,74.82,0.608891,65820.9
2024-09-03,WSM,BUY,127.3,2.697411,65820.9
2024-09-03,URI,BUY,691.33,0.132878,65820.9
2024-09-03,TFC,BUY,40.82,80.630991,65820.9
2024-09-03,STX,BUY,93.38,1.13612,65820.9
2024-09-03,SPG,BUY,148.93,22.097377,65820.9
2024-09-03,TYL,BUY,578.72,5.686766,65820.9
2024-09-03,VRTX,BUY,475.7,0.476105,65820.9
2024-09-03,TRV,BUY,220.58,14.920104,65820.9
2024-10-01,WFC,SELL,53.33,58.557254,71161.43
2024-10-01,VRTX,SELL,469.76,6.91832,71161.43
2024-10-01,WDC,SELL,50.23,69.362305,71161.43
2024-10-01,TRV,SELL,228.59,14.920104,71161.43
2024-10-01,VST,SELL,121.35,14.66524,71161.43
2024-10-01,VRT,SELL,97.41,7.344213,71161.43
2024-10-01,TT,SELL,381.29,0.331895,71161.43
2024-10-01,RCL,SELL,168.86,0.125898,71161.43
2024-10-01,WSM,SELL,146.64,1.588604,71161.43
2024-10-01,URI,SELL,794.7,0.283187,71161.43
2024-10-01,WAB,SELL,179.92,0.447347,71161.43
2024-10-01,STX,SELL,104.73,1.270522,71161.43
2024-10-01,UHS,BUY,222.99,1.934576,71161.43
2024-10-01,TRGP,BUY,144.52,1.741315,71161.43
2024-10-01,TDG,BUY,1272.57,0.009015,71161.43
2024-10-01,SYF,BUY,47.55,6.023022,71161.43
2024-10-01,TFC,BUY,38.51,11.7659,71161.43
2024-10-01,SPG,BUY,155.99,0.711796,71161.43
2024-10-01,SMCI,BUY,40.55,13.25019,71161.43
2024-10-01,UBER,BUY,74.24,47.926613,71161.43
2024-10-01,NOW,BUY,173.44,20.515184,71161.43
2024-10-01,XYL,BUY,131.47,27.063894,71161.43
2024-10-01,TYL,BUY,578.64,0.462259,71161.43
2024-10-01,VTR,BUY,60.91,58.410642,71161.43
2024-11-01,NOW,SELL,188.68,20.515184,70418.19
2024-11-01,TFC,SELL,39.52,92.396892,70418.19
2024-11-01,XYL,SELL,116.86,27.063894,70418.19
2024-11-01,TYL,SELL,602.75,6.149024,70418.19
2024-11-01,VTR,SELL,61.2,58.410642,70418.19
2024-11-01,VRT,SELL,106.67,3.519327,70418.19
2024-11-01,RCL,SELL,196.96,3.195179,70418.19
2024-11-01,SYF,SELL,53.6,9.144721,70418.19
2024-11-01,TRGP,SELL,159.34,2.522518,70418.19
2024-11-01,WAB,SELL,185.26,0.771094,70418.19
2024-11-01,VST,BUY,118.34,0.431815,70418.19
2024-11-01,WSM,BUY,128.87,3.05851,70418.19
2024-11-01,TT,BUY,370.95,0.159812,70418.19
2024-11-01,URI,BUY,781.58,0.027613,70418.19
2024-11-01,UHS,BUY,203.73,1.325685,70418.19
2024-11-01,TDG,BUY,1220.57,0.088655,70418.19
2024-11-01,ZBRA,BUY,384.64,9.153779,70418.19
2024-11-01,SMCI,BUY,26.05,47.414383,70418.19
2024-11-01,UBER,BUY,73.25,0.140411,70418.19
2024-11-01,WDC,BUY,49.57,71.030505,70418.19
2024-11-01,STX,BUY,96.27,2.599664,70418.19
2024-11-01,UAL,BUY,80.46,43.759751,70418.19
2024-11-01,VLTO,BUY,100.72,34.958437,70418.19
2024-11-01,SPG,BUY,154.29,0.010766,70418.19
2024-11-01,SHW,BUY,352.46,9.989501,70418.19
2024-12-02,VLTO,SELL,105.71,34.958437,80691.4
2024-12-02,SHW,SELL,390.21,9.989501,80691.4
2024-12-02,UBER,SELL,73.07,48.067024,80691.4
2024-12-02,TDG,SELL,1179.37,2.884639,80691.4
2024-12-02,STX,SELL,100.2,36.573378,80691.4
2024-12-02,SPG,SELL,166.87,22.819939,80691.4
2024-12-02,WSM,SELL,172.91,27.322264,80691.4
2024-12-02,WDC,SELL,55.25,71.030505,80691.4
2024-12-02,VST,SELL,152.6,3.313866,80691.4
2024-12-02,VRT,SELL,126.77,1.183277,80691.4
2024-12-02,RCL,SELL,240.19,1.078906,80691.4
2024-12-02,UAL,SELL,97.44,2.354066,80691.4
2024-12-02,TRGP,SELL,187.56,0.585994,80691.4
2024-12-02,SYF,SELL,65.39,3.981007,80691.4
2024-12-02,SMCI,SELL,42.0,39.098488,80691.4
2024-12-02,TPL,BUY,495.74,8.13856,80691.4
2024-12-02,TT,BUY,409.06,0.371526,80691.4
2024-12-02,TTD,BUY,135.16,29.850325,80691.4
2024-12-02,URI,BUY,845.79,0.265292,80691.4
2024-12-02,WAB,BUY,198.29,1.341604,80691.4
2024-12-02,ZBRA,BUY,410.04,0.685676,80691.4
2024-12-02,WMT,BUY,91.2,44.240047,80691.4
2024-12-02,WELL,BUY,130.81,30.843695,80691.4
2024-12-02,TMUS,BUY,238.61,16.908578,80691.4
2024-12-02,UHS,BUY,199.57,2.9349,80691.4
2024-12-02,WFC,BUY,72.9,55.342528,80691.4
2024-12-02,TYL,BUY,625.58,6.449327,80691.4
2024-12-02,VTR,BUY,59.36,67.967032,80691.4
2025-01-02,UHS,SELL,178.51,20.21678,73332.43
2025-01-02,SMCI,SELL,30.05,96.06119,73332.43
2025-01-02,VTR,SELL,55.69,67.967032,73332.43
2025-01-02,VST,SELL,148.43,1.736795,73332.43
2025-01-02,VRT,SELL,118.08,0.772445,73332.43
2025-01-02,TRGP,SELL,176.49,0.735829,73332.43
2025-01-02,UAL,SELL,95.43,2.98358,73332.43
2025-01-02,RCL,SELL,223.76,0.410757,73332.43
2025-01-02,SYF,SELL,63.59,4.046062,73332.43
2025-01-02,WMT,SELL,88.79,2.946776,73332.43
2025-01-02,WAB,SELL,187.56,0.797812,73332.43
2025-01-02,WFC,SELL,67.97,1.399897,73332.43
2025-01-02,WELL,SELL,121.72,0.720497,73332.43
2025-01-02,TYL,SELL,574.67,0.068932,73332.43
2025-01-02,ZBRA,SELL,383.76,0.28499,73332.43
2025-01-02,TPL,BUY,389.91,1.265113,73332.43
2025-01-02,TTD,BUY,117.73,1.294,73332.43
2025-01-02,WMB,BUY,53.23,68.878545,73332.43
2025-01-02,WSM,BUY,182.82,20.055902,73332.43
2025-01-02,TT,BUY,369.42,0.06223,73332.43
2025-01-02,TKO,BUY,139.84,26.219768,73332.43
2025-01-02,TMUS,BUY,213.96,0.22819,73332.43
2025-01-02,URI,BUY,680.77,0.615836,73332.43
2025-02-03,TMUS,SELL,232.06,17.136768,78440.78
2025-02-03,URI,SELL,728.51,5.386017,78440.78
2025-02-03,TYL,SELL,603.01,6.380395,78440.78
2025-02-03,VST,SELL,167.15,1.23776,78440.78
2025-02-03,UAL,SELL,104.83,1.008777,78440.78
2025-02-03,TPL,SELL,440.37,0.497526,78440.78
2025-02-03,TRGP,SELL,195.2,0.683171,78440.78
2025-02-03,WSM,SELL,199.9,0.435432,78440.78
2025-02-03,RCL,SELL,254.86,0.997953,78440.78
2025-02-03,TKO,SELL,153.87,0.73082,78440.78
2025-02-03,WMT,SELL,98.21,1.356769,78440.78
2025-02-03,WELL,SELL,137.0,1.496071,78440.78
2025-02-03,WAB,SELL,203.12,0.239421,78440.78
2025-02-03,WFC,SELL,75.67,2.112789,78440.78
2025-02-03,TSLA,BUY,383.68,10.222162,78440.78
2025-02-03,VRT,BUY,112.39,3.844527,78440.78
2025-02-03,TTD,BUY,117.94,2.110204,78440.78
2025-02-03,SYF,BUY,66.06,1.70942,78440.78
2025-02-03,WMB,BUY,53.54,4.378578,78440.78
2025-02-03,ZBRA,BUY,386.09,0.60389,78440.78
2025-02-03,TT,BUY,356.26,1.083654,78440.78
2025-02-03,SW,BUY,51.05,76.829303,78440.78
2025-02-03,TRMB,BUY,74.12,52.914719,78440.78
2025-03-03,TT,SELL,342.15,11.008988,70427.98
2025-03-03,TRMB,SELL,69.68,52.914719,70427.98
2025-03-03,SW,SELL,48.17,76.829303,70427.98
2025-03-03,TPL,SELL,448.67,1.05759,70427.98
2025-03-03,RCL,SELL,235.58,0.440826,70427.98
2025-03-03,TRGP,SELL,189.35,1.494697,70427.98
2025-03-03,TKO,SELL,144.8,1.169811,70427.98
2025-03-03,WSM,SELL,183.48,0.428378,70427.98
2025-03-03,WMT,SELL,96.28,3.363075,70427.98
2025-03-03,WMB,SELL,54.87,9.081956,70427.98
2025-03-03,WELL,SELL,153.77,5.726984,70427.98
2025-03-03,WFC,SELL,74.96,4.855814,70427.98
2025-03-03,VST,BUY,122.93,5.180217,70427.98
2025-03-03,UAL,BUY,91.67,1.000537,70427.98
2025-03-03,TSLA,BUY,284.65,2.148816,70427.98
2025-03-03,SYF,BUY,56.75,2.681599,70427.98
2025-03-03,VRT,BUY,85.25,6.409716,70427.98
2025-03-03,NOW,BUY,182.06,19.341757,70427.98
2025-03-03,ZBRA,BUY,306.84,1.317981,70427.98
2025-03-03,VTR,BUY,67.6,52.089054,70427.98
2025-03-03,WAB,BUY,180.53,0.196305,70427.98
2025-03-03,TTD,BUY,67.17,19.170645,70427.98
2025-03-03,STT,BUY,93.07,37.834837,70427.98
2025-04-01,TTD,SELL,57.1,52.425174,65966.01
2025-04-01,NOW,SELL,162.31,19.341757,65966.01
2025-04-01,WAB,SELL,182.53,19.505642,65966.01
2025-04-01,ZBRA,SELL,283.07,11.476336,65966.01
2025-04-01,WSM,SELL,155.31,19.192093,65966.01
2025-04-01,VRT,SELL,75.16,41.306524,65966.01
2025-04-01,TPL,SELL,447.5,0.478009,65966.01
2025-04-01,VST,SELL,121.45,1.486387,65966.01
2025-04-01,TRGP,SELL,196.5,1.812163,65966.01
2025-04-01,TKO,SELL,150.3,2.374326,65966.01
2025-04-01,WELL,SELL,151.12,1.073753,65966.01
2025-04-01,TSLA,SELL,268.46,0.084974,65966.01
2025-04-01,VTR,SELL,67.02,2.878325,65966.01
2025-04-01,WMB,SELL,58.22,7.521973,65966.01
2025-04-01,UAL,BUY,68.2,9.948314,65966.01
2025-04-01,RCL,BUY,204.05,1.216547,65966.01
2025-04-01,TMUS,BUY,262.6,12.559975,65966.01
2025-04-01,WMT,BUY,87.88,0.958014,65966.01
2025-04-01,SYF,BUY,52.1,1.263057,65966.01
2025-04-01,TYL,BUY,584.53,5.642653,65966.01
2025-04-01,TTWO,BUY,210.13,15.696475,65966.01
2025-04-01,WFC,BUY,69.4,0.553179,65966.01
2025-04-01,XEL,BUY,68.04,48.476973,65966.01
2025-04-01,WEC,BUY,104.44,31.581992,65966.01
2025-04-01,STT,BUY,85.97,0.530226,65966.01
2025-04-01,WBD,BUY,10.21,323.046072,65966.01
2025-05-01,STT,SELL,85.88,38.365063,65431.94
2025-05-01,VST,SELL,136.41,27.158086,65431.94
2025-05-01,WBD,SELL,8.43,323.046072,65431.94
2025-05-01,WFC,SELL,69.88,47.527206,65431.94
2025-05-01,RCL,SELL,216.45,16.164482,65431.94
2025-05-01,WEC,SELL,104.34,31.581992,65431.94
2025-05-01,WMT,SELL,96.37,37.531441,65431.94
2025-05-01,SYF,SELL,51.17,63.312586,65431.94
2025-05-01,UAL,SELL,69.16,48.362178,65431.94
2025-05-01,TYL,SELL,539.6,5.642653,65431.94
2025-05-01,VTR,SELL,63.41,49.210729,65431.94
2025-05-01,TKO,SELL,160.29,21.944811,65431.94
2025-05-01,XEL,SELL,67.73,48.476973,65431.94
2025-05-01,TSLA,SELL,280.52,12.286004,65431.94
2025-05-01,WMB,SELL,56.52,56.653194,65431.94
2025-05-01,TTWO,SELL,235.17,15.696475,65431.94
2025-05-01,PLTR,BUY,116.2,28.154879,65431.94
2025-05-01,APP,BUY,279.49,11.705596,65431.94
2025-05-01,HOOD,BUY,46.62,70.175823,65431.94
2025-05-01,CVNA,BUY,50.37,64.946138,65431.94
2025-05-01,TPL,BUY,432.05,0.201779,65431.94
2025-05-01,GEV,BUY,381.26,8.581059,65431.94
2025-05-01,HWM,BUY,147.6,22.164927,65431.94
2025-05-01,TPR,BUY,69.29,47.218658,65431.94
2025-05-01,FOXA,BUY,48.76,67.102663,65431.94
2025-05-01,GILD,BUY,99.92,32.74246,65431.94
2025-05-01,TRGP,BUY,157.97,3.92442,65431.94
2025-05-01,T,BUY,26.13,125.184533,65431.94
2025-05-01,GL,BUY,116.51,28.079649,65431.94
2025-05-01,PM,BUY,162.88,20.085887,65431.94
2025-05-01,AXON,BUY,621.1,5.267424,65431.94
2025-05-01,NFLX,BUY,113.35,28.86355,65431.94
2025-05-01,WELL,BUY,147.37,0.373425,65431.94
2025-05-01,ETR,BUY,80.7,40.537996,65431.94
2025-05-01,TMUS,BUY,241.54,0.984758,65431.94
2025-05-01,FICO,BUY,2001.68,1.634425,65431.94
2025-06-02,GL,SELL,120.98,28.079649,72788.39
2025-06-02,TMUS,SELL,238.56,13.544732,72788.39
2025-06-02,TRGP,SELL,157.98,20.709829,72788.39
2025-06-02,WELL,SELL,152.87,22.199815,72788.39
2025-06-02,FOXA,SELL,54.62,67.102663,72788.39
2025-06-02,PLTR,SELL,132.04,0.591871,72788.39
2025-06-02,APP,SELL,401.91,2.650287,72788.39
2025-06-02,CVNA,SELL,66.29,10.043001,72788.39
2025-06-02,HOOD,SELL,67.98,16.639208,72788.39
2025-06-02,AXON,SELL,758.57,0.469687,72788.39
2025-06-02,GEV,SELL,483.85,1.05927,72788.39
2025-06-02,TPR,SELL,77.22,0.087075,72788.39
2025-06-02,HWM,SELL,172.26,1.037531,72788.39
2025-06-02,TPL,BUY,367.74,2.324276,72788.39
2025-06-02,PM,BUY,175.04,0.705457,72788.39
2025-06-02,FTNT,BUY,102.47,35.516924,72788.39
2025-06-02,NFLX,BUY,121.9,0.992717,72788.39
2025-06-02,DASH,BUY,212.79,17.103339,72788.39
2025-06-02,GILD,BUY,105.4,1.788282,72788.39
2025-06-02,VRSN,BUY,272.18,13.371254,72788.39
2025-06-02,T,BUY,26.41,12.628441,72788.39
2025-06-02,ETR,BUY,81.07,4.356964,72788.39
2025-06-02,FFIV,BUY,286.02,12.724353,72788.39
2025-06-02,TSLA,BUY,342.69,10.62015,72788.39
2025-06-02,FICO,BUY,1748.26,0.447313,72788.39
2025-07-01,VRSN,SELL,285.54,13.371254,74971.37
2025-07-01,T,SELL,27.31,137.812974,74971.37
2025-07-01,FICO,SELL,1843.18,2.081738,74971.37
2025-07-01,TPL,SELL,354.01,9.896604,74971.37
2025-07-01,ETR,SELL,80.47,44.89496,74971.37
2025-07-01,HOOD,SELL,92.33,12.936937,74971.37
2025-07-01,GEV,SELL,504.63,0.093497,74971.37
2025-07-01,DASH,SELL,238.01,1.353713,74971.37
2025-07-01,TPR,SELL,85.83,3.459471,74971.37
2025-07-01,NFLX,SELL,129.36,0.878466,74971.37
2025-07-01,FFIV,SELL,295.97,0.058987,74971.37
2025-07-01,GILD,SELL,108.89,0.106495,74971.37
2025-07-01,PLTR,BUY,130.68,1.122091,74971.37
2025-07-01,APP,BUY,336.69,2.078281,74971.37
2025-07-01,AXON,BUY,775.38,0.036755,74971.37
2025-07-01,CVNA,BUY,67.65,0.506434,74971.37
2025-07-01,HWM,BUY,175.82,0.192774,74971.37
2025-07-01,NRG,BUY,153.65,24.396661,74971.37
2025-07-01,VST,BUY,184.13,20.357815,74971.37
2025-07-01,PM,BUY,171.33,1.088492,74971.37
2025-07-01,TSLA,BUY,300.71,1.845576,74971.37
2025-07-01,IBKR,BUY,56.06,66.864742,74971.37
2025-07-01,FTNT,BUY,102.43,1.079467,74971.37
2025-07-01,CIEN,BUY,80.11,46.792764,74971.37
2025-07-01,UAL,BUY,80.05,46.827835,74971.37
2025-08-01,FFIV,SELL,307.43,12.665366,80067.27
2025-08-01,GILD,SELL,110.31,34.424247,80067.27
2025-08-01,CIEN,SELL,88.63,46.792764,80067.27
2025-08-01,PM,SELL,157.26,21.879837,80067.27
2025-08-01,TSLA,SELL,302.63,12.465726,80067.27
2025-08-01,PLTR,SELL,154.27,2.734731,80067.27
2025-08-01,HOOD,SELL,99.9,0.525973,80067.27
2025-08-01,APP,SELL,379.17,0.575362,80067.27
2025-08-01,GEV,SELL,655.01,1.316405,80067.27
2025-08-01,CVNA,SELL,73.56,0.983512,80067.27
2025-08-01,VST,SELL,206.96,1.014565,80067.27
2025-08-01,TPR,SELL,104.96,5.529597,80067.27
2025-08-01,NRG,SELL,165.58,0.219404,80067.27
2025-08-01,IBKR,SELL,63.32,3.638996,80067.27
2025-08-01,AXON,BUY,742.47,0.557461,80067.27
2025-08-01,DASH,BUY,248.35,0.370218,80067.27
2025-08-01,CRWD,BUY,111.67,35.851549,80067.27
2025-08-01,NFLX,BUY,115.86,5.575653,80067.27
2025-08-01,RCL,BUY,308.97,12.957236,80067.27
2025-08-01,HWM,BUY,183.84,0.455642,80067.27
2025-08-01,JBL,BUY,218.28,18.340909,80067.27
2025-08-01,LITE,BUY,106.68,37.52684,80067.27
2025-08-01,FTNT,BUY,97.36,4.522787,80067.27
2025-08-01,UAL,BUY,84.57,0.51003,80067.27
2025-08-01,AVGO,BUY,286.54,13.97137,80067.27
2025-09-02,FTNT,SELL,76.93,41.119179,80720.15
2025-09-02,NFLX,SELL,121.41,34.553454,80720.15
2025-09-02,CRWD,SELL,103.38,35.851549,80720.15
2025-09-02,HOOD,SELL,100.84,0.049827,80720.15
2025-09-02,PLTR,SELL,157.09,0.258039,80720.15
2025-09-02,APP,SELL,481.73,2.180074,80720.15
2025-09-02,UAL,SELL,104.68,8.782194,80720.15
2025-09-02,RCL,SELL,348.13,1.363771,80720.15
2025-09-02,LITE,SELL,132.55,7.079041,80720.15
2025-09-02,AVGO,SELL,296.07,0.339462,80720.15
2025-09-02,GEV,BUY,578.37,0.866399,80720.15
2025-09-02,TPR,BUY,101.48,1.627849,80720.15
2025-09-02,VST,BUY,184.84,2.491846,80720.15
2025-09-02,CVNA,BUY,73.28,0.651968,80720.15
2025-09-02,JBL,BUY,201.89,1.65013,80720.15
2025-09-02,IBKR,BUY,63.69,0.145421,80720.15
2025-09-02,AXON,BUY,743.59,0.035779,80720.15
2025-09-02,FIX,BUY,697.54,5.786031,80720.15
2025-09-02,COIN,BUY,303.56,13.295585,80720.15
2025-09-02,NRG,BUY,143.34,3.979876,80720.15
2025-09-02,HWM,BUY,172.94,1.56131,80720.15
2025-09-02,DASH,BUY,244.1,0.414395,80720.15
2025-09-02,ORCL,BUY,222.76,18.118104,80720.15
2025-10-01,ORCL,SELL,285.75,18.118104,91171.18
2025-10-01,VST,SELL,200.67,21.835096,91171.18
2025-10-01,NRG,SELL,159.93,28.157133,91171.18
2025-10-01,HOOD,SELL,139.14,7.261487,91171.18
2025-10-01,PLTR,SELL,184.95,1.044806,91171.18
2025-10-01,APP,SELL,704.09,1.903755,91171.18
2025-10-01,LITE,SELL,171.4,3.85177,91171.18
2025-10-01,FIX,SELL,833.06,0.313941,91171.18
2025-10-01,COIN,SELL,346.17,0.127029,91171.18
2025-10-01,ECHO,BUY,79.5,57.340367,91171.18
2025-10-01,GEV,BUY,604.78,0.559304,91171.18
2025-10-01,TPR,BUY,112.81,0.639234,91171.18
2025-10-01,CVNA,BUY,79.08,2.565419,91171.18
2025-10-01,RCL,BUY,311.66,3.03321,91171.18
2025-10-01,AXON,BUY,711.34,0.980678,91171.18
2025-10-01,UAL,BUY,93.15,10.382161,91171.18
2025-10-01,IBKR,BUY,68.55,3.126438,91171.18
2025-10-01,HWM,BUY,194.54,0.095479,91171.18
2025-10-01,AVGO,BUY,331.53,0.118072,91171.18
2025-10-01,CCL,BUY,28.06,162.471115,91171.18
2025-10-01,DASH,BUY,267.64,0.498189,91171.18
2025-10-01,JBL,BUY,214.64,1.247232,91171.18
2025-10-01,NFLX,BUY,117.09,38.932098,91171.18
2025-11-03,CCL,SELL,28.4,162.471115,91486.85
2025-11-03,RCL,SELL,273.97,14.626676,91486.85
2025-11-03,DASH,SELL,242.05,17.032428,91486.85
2025-11-03,UAL,SELL,96.11,48.937832,91486.85
2025-11-03,AXON,SELL,724.1,6.408411,91486.85
2025-11-03,NFLX,SELL,110.01,38.932098,91486.85
2025-11-03,JBL,SELL,220.1,21.238271,91486.85
2025-11-03,CVNA,SELL,66.47,57.643447,91486.85
2025-11-03,HOOD,SELL,147.08,1.661342,91486.85
2025-11-03,PLTR,SELL,207.18,2.568448,91486.85
2025-11-03,LITE,SELL,199.58,3.676185,91486.85
2025-11-03,FIX,SELL,976.18,0.786116,91486.85
2025-11-03,HWM,SELL,206.41,1.271187,91486.85
2025-11-03,AVGO,SELL,360.53,1.062136,91486.85
2025-11-03,IBKR,SELL,72.84,3.69601,91486.85
2025-11-03,APP,BUY,632.14,0.761882,91486.85
2025-11-03,ECHO,BUY,75.37,3.35145,91486.85
2025-11-03,WDC,BUY,157.78,28.992567,91486.85
2025-11-03,TPR,BUY,105.38,3.000076,91486.85
2025-11-03,STX,BUY,264.21,17.313575,91486.85
2025-11-03,WBD,BUY,22.29,205.21948,91486.85
2025-11-03,CIEN,BUY,189.56,24.13137,91486.85
2025-11-03,GEV,BUY,580.18,0.346694,91486.85
2025-11-03,NEM,BUY,81.03,56.452525,91486.85
2025-11-03,COIN,BUY,330.42,0.675468,91486.85
2025-11-03,APH,BUY,140.79,32.491343,91486.85
2025-11-03,LRCX,BUY,160.67,28.470566,91486.85
2025-11-03,NRG,BUY,172.79,26.473022,91486.85
2025-12-01,IBKR,SELL,63.41,62.801595,92002.85
2025-12-01,GEV,SELL,575.83,7.884284,92002.85
2025-12-01,NRG,SELL,164.06,26.473022,92002.85
2025-12-01,COIN,SELL,259.84,13.844023,92002.85
2025-12-01,HWM,SELL,198.54,22.161415,92002.85
2025-12-01,CIEN,SELL,200.92,1.235976,92002.85
2025-12-01,LITE,SELL,317.93,8.450801,92002.85
2025-12-01,AVGO,SELL,383.93,0.706072,92002.85
2025-12-01,WDC,SELL,163.29,0.820586,92002.85
2025-12-01,STX,SELL,268.73,0.195652,92002.85
2025-12-01,WBD,SELL,23.87,12.503,92002.85
2025-12-01,NEM,SELL,91.43,6.139827,92002.85
2025-12-01,TPR,SELL,111.09,2.00214,92002.85
2025-12-01,HOOD,BUY,123.24,6.225652,92002.85
2025-12-01,ECHO,BUY,73.0,2.323835,92002.85
2025-12-01,PLTR,BUY,167.49,5.386102,92002.85
2025-12-01,MU,BUY,240.23,19.149306,92002.85
2025-12-01,LRCX,BUY,154.24,1.353622,92002.85
2025-12-01,FIX,BUY,960.32,0.104221,92002.85
2025-12-01,MPWR,BUY,923.52,4.981075,92002.85
2025-12-01,KLAC,BUY,115.42,39.855501,92002.85
2025-12-01,APP,BUY,623.59,0.14059,92002.85
2025-12-01,APH,BUY,138.47,0.730105,92002.85
2025-12-01,AMD,BUY,219.76,20.932575,92002.85
2025-12-01,GLW,BUY,82.62,55.679035,92002.85
2026-01-02,AVGO,SELL,346.34,11.981772,102381.86
2026-01-02,TPR,SELL,128.36,41.407534,102381.86
2026-01-02,GLW,SELL,90.36,55.679035,102381.86
2026-01-02,AMD,SELL,223.47,20.932575,102381.86
2026-01-02,MPWR,SELL,933.02,4.981075,102381.86
2026-01-02,LITE,SELL,386.11,1.210921,102381.86
2026-01-02,WDC,SELL,187.56,0.879074,102381.86
2026-01-02,ECHO,SELL,112.18,17.382802,102381.86
2026-01-02,MU,SELL,315.24,2.910544,102381.86
2026-01-02,CIEN,SELL,246.06,2.091147,102381.86
2026-01-02,WBD,SELL,28.51,13.162183,102381.86
2026-01-02,LRCX,SELL,184.71,2.109736,102381.86
2026-01-02,HOOD,BUY,115.21,7.106014,102381.86
2026-01-02,STX,BUY,286.83,0.728912,102381.86
2026-01-02,NEM,BUY,100.78,0.481908,102381.86
2026-01-02,FIX,BUY,1002.73,0.314981,102381.86
2026-01-02,PLTR,BUY,167.86,3.031029,102381.86
2026-01-02,APH,BUY,139.22,3.547206,102381.86
2026-01-02,INTC,BUY,39.38,129.992202,102381.86
2026-01-02,NRG,BUY,164.55,31.109068,102381.86
2026-01-02,KLAC,BUY,127.12,0.41447,102381.86
2026-01-02,HWM,BUY,211.5,24.204246,102381.86
2026-01-02,CVS,BUY,78.3,65.378076,102381.86
2026-01-02,APP,BUY,618.32,0.902165,102381.86
2026-01-02,CVNA,BUY,80.05,63.948693,102381.86
2026-02-02,KLAC,SELL,140.68,40.269971,111432.3
2026-02-02,CVS,SELL,74.3,65.378076,111432.3
2026-02-02,NRG,SELL,148.13,31.109068,111432.3
2026-02-02,HWM,SELL,207.0,24.204246,111432.3
2026-02-02,CVNA,SELL,81.58,63.948693,111432.3
2026-02-02,LITE,SELL,423.42,0.099521,111432.3
2026-02-02,WDC,SELL,270.03,6.659615,111432.3
2026-02-02,MU,SELL,437.55,3.505065,111432.3
2026-02-02,STX,SELL,431.89,4.946239,111432.3
2026-02-02,CIEN,SELL,268.49,0.052581,111432.3
2026-02-02,NEM,SELL,112.36,1.207308,111432.3
2026-02-02,FIX,SELL,1175.19,0.364138,111432.3
2026-02-02,LRCX,SELL,237.05,4.210368,111432.3
2026-02-02,INTC,SELL,48.81,15.843163,111432.3
2026-02-02,ECHO,BUY,116.55,2.171652,111432.3
2026-02-02,WBD,BUY,27.52,22.902631,111432.3
2026-02-02,PLTR,BUY,147.76,7.210988,111432.3
2026-02-02,HOOD,BUY,89.91,17.536082,111432.3
2026-02-02,COHR,BUY,222.44,25.047719,111432.3
2026-02-02,DG,BUY,142.11,39.206933,111432.3
2026-02-02,APH,BUY,144.43,1.808934,111432.3
2026-02-02,APP,BUY,483.0,3.256399,111432.3
2026-02-02,AMD,BUY,246.27,22.624009,111432.3
2026-02-02,GLW,BUY,109.99,50.657564,111432.3
2026-02-02,HII,BUY,417.19,13.355137,111432.3
2026-03-02,INTC,SELL,45.5,114.149039,121046.38
2026-03-02,APP,SELL,432.98,11.535434,121046.38
2026-03-02,PLTR,SELL,145.17,37.707194,121046.38
2026-03-02,DG,SELL,151.13,39.206933,121046.38
2026-03-02,LITE,SELL,783.25,5.431414,121046.38
2026-03-02,FIX,SELL,1436.93,0.52906,121046.38
2026-03-02,CIEN,SELL,353.73,3.641671,121046.38
2026-03-02,NEM,SELL,128.17,2.36654,121046.38
2026-03-02,COHR,SELL,298.91,4.799756,121046.38
2026-03-02,GLW,SELL,157.62,12.259014,121046.38
2026-03-02,SNDK,BUY,619.08,9.776311,121046.38
2026-03-02,WDC,BUY,269.88,1.792638,121046.38
2026-03-02,MU,BUY,412.43,1.940963,121046.38
2026-03-02,ECHO,BUY,118.68,3.192456,121046.38
2026-03-02,STX,BUY,378.59,3.085912,121046.38
2026-03-02,LRCX,BUY,230.56,2.746302,121046.38
2026-03-02,APH,BUY,134.69,6.357527,121046.38
2026-03-02,WBD,BUY,28.5,9.90514,121046.38
2026-03-02,AMD,BUY,198.62,7.847842,121046.38
2026-03-02,ALB,BUY,177.29,34.138514,121046.38
2026-03-02,HII,BUY,451.78,0.041505,121046.38
2026-03-02,KLAC,BUY,153.3,39.4804,121046.38
2026-03-02,TER,BUY,325.71,18.582098,121046.38
2026-03-02,HOOD,BUY,78.78,14.856781,121046.38
2026-04-01,HII,SELL,391.63,13.396643,118920.25
2026-04-01,HOOD,SELL,70.11,76.825578,118920.25
2026-04-01,APH,SELL,127.51,44.935115,118920.25
2026-04-01,AMD,SELL,210.21,30.471851,118920.25
2026-04-01,SNDK,SELL,692.73,1.192862,118920.25
2026-04-01,WDC,SELL,297.65,2.449567,118920.25
2026-04-01,CIEN,SELL,415.39,2.795707,118920.25
2026-04-01,STX,SELL,422.82,1.923707,118920.25
2026-04-01,ECHO,SELL,120.6,1.693371,118920.25
2026-04-01,FIX,SELL,1427.96,0.047989,118920.25
2026-04-01,ALB,SELL,178.02,0.736873,118920.25
2026-04-01,KLAC,SELL,151.79,0.307842,118920.25
2026-04-01,LITE,BUY,764.65,0.048936,118920.25
2026-04-01,MU,BUY,367.79,1.492057,118920.25
2026-04-01,COHR,BUY,247.8,3.747244,118920.25
2026-04-01,TER,BUY,312.08,0.470617,118920.25
2026-04-01,VRT,BUY,259.32,22.929598,118920.25
2026-04-01,GLW,BUY,142.16,3.427024,118920.25
2026-04-01,LRCX,BUY,221.85,0.551115,118920.25
2026-04-01,GEV,BUY,894.32,6.648618,118920.25
2026-04-01,NEM,BUY,113.52,5.155516,118920.25
2026-04-01,WBD,BUY,27.49,3.935224,118920.25
2026-04-01,AMAT,BUY,353.36,16.827035,118920.25
2026-04-01,CAT,BUY,727.58,8.172286,118920.25
2026-05-01,NEM,SELL,108.37,52.376273,147758.24
2026-05-01,KLAC,SELL,172.41,39.172558,147758.24
2026-05-01,SNDK,SELL,1187.0,2.359429,147758.24
2026-05-01,WDC,SELL,431.41,2.851227,147758.24
2026-05-01,CIEN,SELL,535.29,0.512588,147758.24
2026-05-01,MU,SELL,542.13,2.539068,147758.24
2026-05-01,STX,SELL,726.41,3.892386,147758.24
2026-05-01,COHR,SELL,329.5,1.573623,147758.24
2026-05-01,FIX,SELL,1866.29,0.205378,147758.24
2026-05-01,VRT,SELL,328.24,0.422062,147758.24
2026-05-01,LITE,BUY,949.93,0.0012,147758.24
2026-05-01,ECHO,BUY,123.18,10.672967,147758.24
2026-05-01,TER,BUY,345.29,2.343561,147758.24
2026-05-01,WBD,BUY,26.97,57.633451,147758.24
2026-05-01,ALB,BUY,193.39,4.80122,147758.24
2026-05-01,GLW,BUY,158.02,4.928093,147758.24
2026-05-01,APA,BUY,39.85,185.395213,147758.24
2026-05-01,LRCX,BUY,256.54,1.996865,147758.24
2026-05-01,VLO,BUY,244.76,30.184714,147758.24
2026-05-01,GEV,BUY,1062.41,0.305319,147758.24
2026-05-01,CAT,BUY,888.02,0.147223,147758.24
2026-05-01,AMAT,BUY,388.6,2.184728,147758.24
2026-06-01,CAT,SELL,863.76,8.319509,165144.78
2026-06-01,GEV,SELL,950.05,6.953937,165144.78
2026-06-01,VLO,SELL,251.55,30.184714,165144.78
2026-06-01,SNDK,SELL,1761.43,1.536216,165144.78
2026-06-01,WDC,SELL,546.06,2.003583,165144.78
2026-06-01,STX,SELL,920.6,1.20104,165144.78
2026-06-01,MU,SELL,1035.34,5.652267,165144.78
2026-06-01,GLW,SELL,176.7,0.023395,165144.78
2026-06-01,LRCX,SELL,316.9,2.741807,165144.78
2026-06-01,AMAT,SELL,458.17,0.989547,165144.78
2026-06-01,LITE,BUY,905.0,1.346698,165144.78
2026-06-01,ECHO,BUY,127.42,4.826766,165144.78
2026-06-01,CIEN,BUY,569.61,0.694602,165144.78
2026-06-01,INTC,BUY,109.33,75.525828,165144.78
2026-06-01,COHR,BUY,362.9,0.331899,165144.78
2026-06-01,TER,BUY,369.47,0.952599,165144.78
2026-06-01,FIX,BUY,1787.88,0.659841,165144.78
2026-06-01,ALB,BUY,170.69,10.171573,165144.78
2026-06-01,AMD,BUY,510.13,16.186538,165144.78
2026-06-01,VRT,BUY,323.32,3.031152,165144.78
2026-06-01,WBD,BUY,27.25,29.087199,165144.78
2026-06-01,MRVL,BUY,219.38,37.639686,165144.78
2026-06-01,APA,BUY,37.49,34.87912,165144.78
2026-07-01,WBD,SELL,26.81,303.017943,172571.24
2026-07-01,APA,SELL,31.65,220.274333,172571.24
2026-07-01,SNDK,SELL,2032.22,0.441924,172571.24
2026-07-01,WDC,SELL,598.37,0.701441,172571.24
2026-07-01,INTC,SELL,127.02,7.595091,172571.24
2026-07-01,TER,SELL,427.34,2.157547,172571.24
2026-07-01,AMD,SELL,540.88,0.233717,172571.24
2026-07-01,GLW,SELL,220.63,7.62153,172571.24
2026-07-01,LRCX,SELL,391.26,4.00329,172571.24
2026-07-01,MRVL,SELL,271.98,5.915035,172571.24
2026-07-01,AMAT,SELL,650.91,4.766063,172571.24
2026-07-01,LITE,BUY,801.16,1.646065,172571.24
2026-07-01,MU,BUY,1032.12,0.384644,172571.24
2026-07-01,CIEN,BUY,462.44,4.162468,172571.24
2026-07-01,STX,BUY,915.19,0.458789,172571.24
2026-07-01,ECHO,BUY,100.88,20.729612,172571.24
2026-07-01,COHR,BUY,368.65,0.652355,172571.24
2026-07-01,DELL,BUY,424.55,20.324092,172571.24
2026-07-01,FIX,BUY,1865.15,0.00775,172571.24
2026-07-01,FLEX,BUY,153.53,56.201147,172571.24
2026-07-01,ALB,BUY,136.08,15.033575,172571.24
2026-07-01,VRT,BUY,311.42,2.168465,172571.24
2026-08-03,ALB,SELL,118.71,63.408009,142477.1
2026-08-03,VRT,SELL,263.05,27.707153,142477.1
2026-08-03,WDC,SELL,527.22,0.908,142477.1
2026-08-03,LITE,SELL,779.89,1.635651,142477.1
2026-08-03,STX,SELL,831.06,0.856154,142477.1
2026-08-03,CIEN,SELL,390.76,0.428003,142477.1
2026-08-03,TER,SELL,365.8,0.7166,142477.1
2026-08-03,AMD,SELL,484.64,1.25355,142477.1
2026-08-03,DELL,SELL,429.02,3.719143,142477.1
2026-08-03,ECHO,SELL,85.63,2.33948,142477.1
2026-08-03,FIX,SELL,1770.96,0.603607,142477.1
2026-08-03,SNDK,BUY,1288.03,1.284935,142477.1
2026-08-03,MU,BUY,829.5,0.228105,142477.1
2026-08-03,INTC,BUY,91.0,10.353385,142477.1
2026-08-03,LRCX,BUY,294.61,2.127362,142477.1
2026-08-03,GLW,BUY,146.64,9.47183,142477.1
2026-08-03,AMAT,BUY,518.21,0.49089,142477.1
2026-08-03,MRVL,BUY,193.78,5.037941,142477.1
2026-08-03,COHR,BUY,288.14,1.31775,142477.1
2026-08-03,KLAC,BUY,182.75,38.981423,142477.1
2026-08-03,FLEX,BUY,117.45,4.453219,142477.1
2026-08-03,CNC,BUY,63.76,111.729223,142477.1
